제목,날짜,작성일,작성자,댓글
"강병원 “예수님, 부처님도 기독교·불교 장관 낙마할 듯”",2021-05-13 10:11:00,2021-05-14 08:11:00,kjm,"이런자가 국회의원이 되니 더불어민주당은
욕먹는게 당연한거고 국회의원 무보수로
해야한다.
비유할것을 비유해야지
예수님 부처님 이자 법정에 세워야합니다
하늘의 무간 지옥으로"
"강병원 “예수님, 부처님도 기독교·불교 장관 낙마할 듯”",2021-05-13 10:11:00,2021-05-13 17:39:00,1110****,당연히 낙마하겠지. 그들은 정치를 모르니까..
"강병원 “예수님, 부처님도 기독교·불교 장관 낙마할 듯”",2021-05-13 10:11:00,2021-05-13 15:56:00,가경동신문수,이사람 제 정신이 아니네..예수님과 부처님은 당신들 만큼 더럽지 않아..불법도 합법인양 말하지 마세요.
"강병원 “예수님, 부처님도 기독교·불교 장관 낙마할 듯”",2021-05-13 10:11:00,2021-05-13 15:49:00,yus,"이 녀석들이 어딜 함부로... 예수, 부처가 한가하게 한국에 외서 장관을 하리? 죄다 귀퉁이 떨어진 파치라 깡된장 뚝배기로도 안되겠더구만."
"강병원 “예수님, 부처님도 기독교·불교 장관 낙마할 듯”",2021-05-13 10:11:00,2021-05-13 14:18:00,h****,"아니 예수님이 뭐가 어때서 청문회도 통과 못하나...

이정도면 진짜 사자 명예훼손 아니냐?"
"강병원 “예수님, 부처님도 기독교·불교 장관 낙마할 듯”",2021-05-13 10:11:00,2021-05-13 17:40:00,1110****,@h**** 예수는 부활해서 하늘로 올라갔다는데 사자는무슨...ㅋ ㅋ
"강병원 “예수님, 부처님도 기독교·불교 장관 낙마할 듯”",2021-05-13 10:11:00,2021-05-13 14:06:00,불무코지,"그런데 말입니다, 단 예외는 있을 것이다, 전광훈과 최순실등이 장관 후보자가 된다면 국짐당은 찬성 할 걸..."
"강병원 “예수님, 부처님도 기독교·불교 장관 낙마할 듯”",2021-05-13 10:11:00,2021-05-13 13:48:00,yong506****,아직 정신 못 차렸다
"강병원 “예수님, 부처님도 기독교·불교 장관 낙마할 듯”",2021-05-13 10:11:00,2021-05-13 13:37:00,nbv,"탄핵 대통령 모시고 김학의사건 마무리전에 차관으로 모시던 분이
대선경쟁준비중인데

가족들이 사기혐의로 법정에 오가고 끝이 안보여도
입당해서 대선 준비하라는 국짐당

홍준표 황교안 윤석열까지라면 완전 검사판
황전도사와 전목사가 힘합치면 와!"
"강병원 “예수님, 부처님도 기독교·불교 장관 낙마할 듯”",2021-05-13 10:11:00,2021-05-13 13:28:00,아빠곰은 뚱뚱해,"기업체에서 임원이 될 사람은 과, 차장 때부터 관리한다.
전혀 관리 않고 막 산사람과 자질이 다르다.기본 원칙도 충족치 못한 사람들을 임원을 시키는 일은 식구들 외에는 없다."
"강병원 “예수님, 부처님도 기독교·불교 장관 낙마할 듯”",2021-05-13 10:11:00,2021-05-13 13:19:00,마이무따아이가,내로남불 따불당에서 할소린 아닌듯~
"강병원 “예수님, 부처님도 기독교·불교 장관 낙마할 듯”",2021-05-13 10:11:00,2021-05-13 12:51:00,pm,뭔소리여 ? 거짓말쟁이 사기꾼 문 죄이니가 천주교인 인데도 개한망국 개똥녕으로 개 돼지들 위에 군림하고 있는데...
"강병원 “예수님, 부처님도 기독교·불교 장관 낙마할 듯”",2021-05-13 10:11:00,2021-05-13 12:42:00,김세롬,"유유상종이다.
조폭 세계에서
별하나 안 단게 정상이냐고 떠드는 것 같다.
언제 부터인가 쓰레기들이
대한민국의 표준이라고 떠든다.

수단과 방법을 안가라고
출세한 것들의 이유라는 것이,
참 역겹다.

묵묵히 정치에 기웃거리지 않고
정도를 걸어가는 능력 있는
사람들이 주변에 많이 있다.

문제는 쓰레기들이 이 들의 자리를 차지하고,
결국 이들의 설자리는 없다.

악한 것이 양한 것을 밀어낸다.

잡초들은 그걸 능력이라한다.

우리는 그 잡초들을 무슨 수를 쓰던 걸러내야 한다.
그래야, 건강한 환경이 조성된다.

인사를 누워서 하지말고,
발로 뛰고 진정한 능력자들을 찾아 다녀라.
그리고, 인사능력과 삼고초려해서라도 영입해라.

인사를 잘하는 것이
국가 경영의 첫 단추다."
"강병원 “예수님, 부처님도 기독교·불교 장관 낙마할 듯”",2021-05-13 10:11:00,2021-05-13 12:05:00,ChanS Youn,하하하... 이에수나 부처가 낙마할 머저리라면 어떻게 기독교 불교를 창시했겠냐? 무에서 유를 창조하는 인품과 유를 무로 파멸하는 인품은 달러.. 언제는 게이츠나 머스크를 장관으로 불러대더니.. 너도 나체풀장에서 수영하고 싶냐?
"강병원 “예수님, 부처님도 기독교·불교 장관 낙마할 듯”",2021-05-13 10:11:00,2021-05-13 11:56:00,안티,"안중근 열사나 퀴리부인도 모자라 이제는 종교까지 모독하는구나.
온갖 반칙과 범죄를 아무렇지도 않게 저지르는 놈들에게 세상에서 훌륭한 사람은 다 갖다붙이는 꼴이;;;
민주건달놈들이 스스로를 어떻게 평가하는지 아주 잘 알 수 있다."
"강병원 “예수님, 부처님도 기독교·불교 장관 낙마할 듯”",2021-05-13 10:11:00,2021-05-13 11:55:00,나그네0910,오늘도 지긋지긋한 빨강완장 미친 똥 강아지 짖는 소리가 여지없이 들리누나~~~~
"강병원 “예수님, 부처님도 기독교·불교 장관 낙마할 듯”",2021-05-13 10:11:00,2021-05-13 11:54:00,sea****,"강병원씨 딴나라사람인가요?
장관을추천할때 업무능력이 부족한사람을추천하겠습니까?
사람업무능력은 거기서거기입니다.
그러니까 도덕성을 검증하는겁니다.
이제아시겠어요?
거기에왜예수와부처님이나와나요.
참~~어처구니없군요."
"강병원 “예수님, 부처님도 기독교·불교 장관 낙마할 듯”",2021-05-13 10:11:00,2021-05-13 11:52:00,c1991,"예수님, 부처님을 모독하셨네 ~~~"
"강병원 “예수님, 부처님도 기독교·불교 장관 낙마할 듯”",2021-05-13 10:11:00,2021-05-13 11:51:00,Hakunamatata,이런 쓰레기들이 있는한 문주당과 정부의 폭망은 기정사실. ㅋㅋㅋㅋ고맙다.
"강병원 “예수님, 부처님도 기독교·불교 장관 낙마할 듯”",2021-05-13 10:11:00,2021-05-13 11:49:00,최민준,"미국 같은 나라는 인사청문회를 하기 전에 일차적으로 장관후보자들의 비리나 그런 것들을 미리 조사하고 검증하여 문제가 있는 후보들은 거르고 인사청문회에서는 장관으로서의 자질과 전문성을 가지고 있는지에 대한 검증을 한다고 합니다.
우리나라도 인사청문회 전에 문제가 있는 후보들은 조사와 검증을 통해서 한 번 걸러주고 인사청문회에서는 장관으로서의 자질과 전문성이 있는지에 대한 검증이 필요하다고 생각합니다."
"강병원 “예수님, 부처님도 기독교·불교 장관 낙마할 듯”",2021-05-13 10:11:00,2021-05-13 11:43:00,지금,"#국회의원무보수로하라는 반가운소식이 올라왔습니다
수일이면 20만도착 . #Come_Together
펴왔습니다 #12일17시21분_48333분돌파 #151667분남음
국회의원 무보수, #명예직, 국민공천증제 국민청원 ""동의"" 투표
기간: 21.6.6까지 #24일남음
독일, 스웨던, 노르웨이, 덴마크등등 #유럽선진국에서_많이들_시행하고_있습니다
국회인원 축소, 무보수로 하자는 등의 말만 해왔는데
이번은 무보수, 명예직으로 하는 국민 ""동의""를 청원 하오니
아래를 열고 설명을 보시면 속이 더 시원합니다((핵사이다
⚘기회는⚘ #이때_동의 #참여_인원_1,000만명_돌파하여_확바꿔야합니다
️2~3일 마다 막 퍼날라 주시면 참여자가 더 많습니다
빨리 동의해서 무보수로 전환합시다 ^^

8분에 100분씩 동의하고 있습니다 20만갈 청원입니다
https://www1.president.go.kr/petitions/598232"
"강병원 “예수님, 부처님도 기독교·불교 장관 낙마할 듯”",2021-05-13 10:11:00,2021-05-13 11:42:00,지금,뭔소리인지 모르겠네 그래서 여태 이 정부 들어 임명 못한 장관은 누구냐? 다 강행 임명하고 결과가 좋았느냐 이말입니다. 납득이 가는 말은 원래 할 수준이 안되시는 듯 그저 프레임으로만 호도하는거
"강병원 “예수님, 부처님도 기독교·불교 장관 낙마할 듯”",2021-05-13 10:11:00,2021-05-13 11:42:00,je young lee,레벨 업좀하자 응 어이...고향 까마구만 봐도 좋치라..
"강병원 “예수님, 부처님도 기독교·불교 장관 낙마할 듯”",2021-05-13 10:11:00,2021-05-13 11:42:00,CANON,"지저스, 부다는
관사재테크 안했고
가족동반 출장 안갔고
샹들리에, 도자기 수집 안했다.
아무리 못 배웠어도 생각 좀 하고 지껄여라."
"강병원 “예수님, 부처님도 기독교·불교 장관 낙마할 듯”",2021-05-13 10:11:00,2021-05-13 11:41:00,charivari,같은 코드 마음빚 있는 자들 중에서 아무리 골라보아도 이 이상은 더 후보깜들이 없는걸 어떻합니까? 걍 이정도에서 끝내주실수 없겠습니까? 나도 미치겠습니다요...
"강병원 “예수님, 부처님도 기독교·불교 장관 낙마할 듯”",2021-05-13 10:11:00,2021-05-13 11:19:00,박창은,자네는 나라를 위해서 국회의원 하나ㅡ 아니면 당을 위해서 ?
"강병원 “예수님, 부처님도 기독교·불교 장관 낙마할 듯”",2021-05-13 10:11:00,2021-05-13 11:18:00,Dong Kim,무식하면 입이나 다물고 있던지. 가벼운 입으로 함부로 나불대지 말길 바란다. 네가 예수나 부처에 에 대해 얼마나 알길래 아눈척하는거냐. 모르면 좀 찌그러져 있어라. 성경과 불경을 한번이라도 읽어 보고 개소리 지껄여봐.
"강병원 “예수님, 부처님도 기독교·불교 장관 낙마할 듯”",2021-05-13 10:11:00,2021-05-13 11:17:00,월호,이런 형편없는 자가 국민을 대표하는 국회의원이라니 나라꼴이 우습구나. 세비가 아깝다 스스로 물러나거라.
"강병원 “예수님, 부처님도 기독교·불교 장관 낙마할 듯”",2021-05-13 10:11:00,2021-05-13 11:16:00,하늘빛,그나마 너희들 야당이 였을때 보다 지금 이정도는 양반이다. 개구리 올챙이적 기억 못한다고 하더니..
"강병원 “예수님, 부처님도 기독교·불교 장관 낙마할 듯”",2021-05-13 10:11:00,2021-05-13 11:14:00,양파소금,정의와 국민을 무시하고 정권창출의 젯밥에만 눈이 어두워진 정치세력들을 이제는 역사의 뒤로 보내야 합니다.
"강병원 “예수님, 부처님도 기독교·불교 장관 낙마할 듯”",2021-05-13 10:11:00,2021-05-13 11:14:00,manofgod****,비교를 하셔도 이 기준으로 따지면 국회의원 1명도 살아남을 의원님들 계실까?
"강병원 “예수님, 부처님도 기독교·불교 장관 낙마할 듯”",2021-05-13 10:11:00,2021-05-13 11:12:00,cj****,"정치와 법조계는 꼼수 수작만 부린다 진정을 죽이는 손이다! 거짓모략하는 것들은 손바닥으로 하늘가려 하늘없다 안보인다는 족 들이다! 본인은 관리소장을 명예훼손 고발 했는데 경찰 김가가 너 했다고 같이했네 하면 편들고 끝내 찾아볼수없다 하고 본인의 조사를 한나절만에 피고자 에거 열람을 하였고 그열람이 순서없이 지 멋대로 하는지 이게 경찰이냐 악한 업주이지 또 검사는 우발적으로 말 하였기에 명예훼손이 안된다고 하니 이빌어먹을 좀팽이 들이 코고리 귀거리 하며 바꿔 치기들 하는 좀비들이 법조계 라는게 개탄한다! =아파트소장도적을https://cafe.naver.com/cctvim돌봄이 된 김포시청 최가 육가 김가 허가 장가 박가 권가 이가, 경찰 경제1계 김가, 2계 오가, 3계 이가, 4계 김가, 부천검찰 황가 송가 이가, 고등 고가는 왜 이 짓들에 도모에 힘쓸까! 정치 접목자 감찰부 한가를 쳐라! 이자가 문제이다! 이자가 도둑질 돌봄에 앞장 선자로 보인다! 어찌해 감찰부가 검사형사부가 되느냐! 경찰오가가 함가로 위장하고서, 어떻게 이 짓거리들 하면서 국민에게 봉급 받아먹느냐! 더러운 공무원들 봉급을 왜 줘야하는지 이해불가이다!나라에 악랄한 정치 법조계들 물리쳐야 합니다 그래야만이 나라의 청렴 질 높여 우리들의 삶이 행복해집니다! 가짜영상을 제작하여https://blog.naver.com/cctvim고소한 것을 진짜라고 둔갑시킨 김포경찰서 부천검찰청법원 강원도국과수 1. 2. 3심이 합심해 매도하였다 아파트관리소장전가도적과 합심한 경찰 형사2계 함과 이가, 강원도국과수 이가 나가, 부천 검사 최가 대행 전가 민원 박가, 판사 손가, 이들이 관리소장 전가와 뭔 관계이기에 정직을 짓밟을까! 이들을 몰아내야 나라가 청렴국가가 된다!"
"강병원 “예수님, 부처님도 기독교·불교 장관 낙마할 듯”",2021-05-13 10:11:00,2021-05-13 11:12:00,bett****,"이래서 이놈의 정권은 안된다는거야...예전 그 욕먹던 한나라당도 최소한의 염치는 있었다. 흠결이 있으면 탈락도 시켰고...이 정권은 뭐...능력만 있으면 과거의 과오가 뭐가 문제냐는 식이네..그렇게 니들이 문제많은 인간들을 능력있다고 뽑아놓은 장관들의 면면을 봐라...김현미, 추미애 등등...지나가던 개를 뽑아놔도 애네들보다 못하겠냐?"
"강병원 “예수님, 부처님도 기독교·불교 장관 낙마할 듯”",2021-05-13 10:11:00,2021-05-13 11:09:00,조반,"아무리 무식하다고 예수님,부처님을 우리나라 장관에 빗대냐? 네놈들이 국민을 위해 밤새 기도하고 죽음을 두려워 않고 올바름을 설파해본적이 있어? 공수래공수거의 뜻 발치도 모르는 이 무식의 아귀같은 놈아."
"강병원 “예수님, 부처님도 기독교·불교 장관 낙마할 듯”",2021-05-13 10:11:00,2021-05-13 11:08:00,sic_****,"국짐이나, 더부러나,
국개의원들 부터 모두 청문회하고 뽑아라.
니들이 누구를 평가할 자격이 있기나 하냐?
다 쓰레기들이면서 누가 누구를 평가해?"
"강병원 “예수님, 부처님도 기독교·불교 장관 낙마할 듯”",2021-05-13 10:11:00,2021-05-13 11:08:00,samyu****,"그렇게 강조하던 평등,정의는 어디가고 내로남불만 남는구나
영원도록 정권잡을것 같지 않은데
여당이 어느정도 엄격한 잣대로 임명해야 후에 야당이 되었을때
할말이 있지 않을까요"
"강병원 “예수님, 부처님도 기독교·불교 장관 낙마할 듯”",2021-05-13 10:11:00,2021-05-13 11:07:00,호프로,예수님이 밀수하고 부처님이 도둑질 했냐?
"강병원 “예수님, 부처님도 기독교·불교 장관 낙마할 듯”",2021-05-13 10:11:00,2021-05-13 11:07:00,호프로,정말 쓰레기같은말만 시전 하는구나. 쓰레기들.
"강병원 “예수님, 부처님도 기독교·불교 장관 낙마할 듯”",2021-05-13 10:11:00,2021-05-13 11:05:00,안드레아,"솔직히 문제삼는 놈들 자체가 과거부터 더럽고 추잡스런 짓거리는 도맡아했던 놈들이잖아요.
그런 놈들이 앞상판에 철판깔고 문제삼는 짓거리가 더 보기 불편함."
"강병원 “예수님, 부처님도 기독교·불교 장관 낙마할 듯”",2021-05-13 10:11:00,2021-05-13 11:05:00,이나라왕,"예수님이 낙마할 건 현재 기독교의 형편을 보면 너무 뻔하고, 부처님도 처세술과는 거리있는 불경을 설파할테니까 환영받지 못할테니 결국 세상이 문제라는 것... 우리가 찾는 건 그런 세상에서 그래도 봐줄만한 사람인데, 세상이 좀더 투명해지면 지금보다는 나을 듯...."
"강병원 “예수님, 부처님도 기독교·불교 장관 낙마할 듯”",2021-05-13 10:11:00,2021-05-13 11:04:00,drar****,그건 이해하고 있습니다 다만 야당시절엔 그렇게도 열올리던 도덕검증을 지금에서야 가혹하다고 우는소리 하는 다시 말해 이번정부 컨셉인 내로남불이 마땅치 않아서 그렇지..
"강병원 “예수님, 부처님도 기독교·불교 장관 낙마할 듯”",2021-05-13 10:11:00,2021-05-13 11:04:00,공공,"어디 비교할것을 비교해야지. 한심한 놈. 우리나라 정치의 수준, 곧 국민의 수준이다."
"강병원 “예수님, 부처님도 기독교·불교 장관 낙마할 듯”",2021-05-13 10:11:00,2021-05-13 11:03:00,땅 땅 땅,아직도 정신 못차리지.... 곧 알게될것이다.... 대선과 지방선거에서 보자.... 당신들의 내로남불의 끝이 무엇인지 알게 될 것이다...
"강병원 “예수님, 부처님도 기독교·불교 장관 낙마할 듯”",2021-05-13 10:11:00,2021-05-13 11:03:00,럭키,우리나라 인사청문회를 무사통과 하려면 돌 이전의 아이여야 할 것이다. 아니다 또 모르겠다. 부모가 원정출산 한 거 아니냐고 후벼팔 수도 있겠구나! 야당 국회의원의 이름은 숨기고 비밀 인사청문회 해봐라. 난리 날 것이다.
"강병원 “예수님, 부처님도 기독교·불교 장관 낙마할 듯”",2021-05-13 10:11:00,2021-05-13 11:15:00,bett****,@럭키 정말 이런 한심한 인간이 있으니 더듬어만져당에 저런 위인이 나타나서 방송에서 헛소리를 지껄이는구나.
"강병원 “예수님, 부처님도 기독교·불교 장관 낙마할 듯”",2021-05-13 10:11:00,2021-05-13 11:02:00,s****,"장관을 뽑는 것이지 성인 군자를 뽑는 게 아닙니다. 인간이 모두 조금씩 흠결이 있는 건 당연하다. 그 사람의 능력을 봐야지. 사람을 창피 주려고 하는 게 청문횐가??? 대통령님께서 하자는 대로 해라. 니들이 대통령보다 잘났니???
그렇게 잘 났으면 대통령 후보로 나오든가????"
"강병원 “예수님, 부처님도 기독교·불교 장관 낙마할 듯”",2021-05-13 10:11:00,2021-05-13 10:59:00,돌박사,"진짜 이것들이 왜 이러나?
아니, 그럼 나랏돈을 제 쌈짓돈 마냥 쓰는 뇬을, 제 떨거지들 뒷바라지에 쓰는 뇬을 장관으로 임명한다는 말인가?
나는 민주당 지지자이지만 틀린 것을 옳다고 할 수는 없다.
마찬가지이다.
아무리 대통령이라고 해도 잘못 된 인선에는 아니라고 말할 줄 알아야 하는 것이다.
최고위원쯤 되면, 똥인지 된장인지 좀 구별하고 살아라."
"강병원 “예수님, 부처님도 기독교·불교 장관 낙마할 듯”",2021-05-13 10:11:00,2021-05-13 10:55:00,Brian Jung,"어이가 없네.
너같으면 관사로 재태크하고(그것도 부동산에 제일 민감해야할 국토부장관으로)
마누라가 도자기 밀수한 인간을 장관(그것도 밀수와 제일밀접한 해수부장관으로)으로 앉히는데 동의하겠냐?

이것들이 단체로 약을 드셨나, 어디서 말도 안되는 수작을 하네?
이게 진영문제야? 그냥 니들이 이상한거야."
"강병원 “예수님, 부처님도 기독교·불교 장관 낙마할 듯”",2021-05-13 10:11:00,2021-05-13 10:53:00,김노식,그러니깐....자기관리를 잘해야지...아님 공직을 포기하던지...
"강병원 “예수님, 부처님도 기독교·불교 장관 낙마할 듯”",2021-05-13 10:11:00,2021-05-13 10:51:00,도롱이에 삿갓쓰고,"인재를 좀 찾아보고서 핑계를 대라 ㅡ
느그팀에는 특등 머저리들밖에 없냐구요 ㅡ?
인재가 없으면 다른팀에서 데려오든지 ㅡ
누구를 위해서 ㅡ?
국민을 위해서 ㅡ!!!!
매번 ㅡ내로남불이야 ㅡ"
"강병원 “예수님, 부처님도 기독교·불교 장관 낙마할 듯”",2021-05-13 10:11:00,2021-05-13 10:51:00,설원,"소위 최고위원이란분이 그걸 말이라고 하는가?
민주당의 시스템 공천이 그리 완벽한데 여태까지 국민들이 그리 반대해도 임명을 강행한건가?
두눈뜨도 두귀열고 인사청문회를 들었다면 그런 소린 못할텐데...어찌 저리 뻔뻔할까요?"
"강병원 “예수님, 부처님도 기독교·불교 장관 낙마할 듯”",2021-05-13 10:11:00,2021-05-13 10:50:00,우리이젠,와 하나님을 이딴식으로 얘기하네. 아무리 뚫기 힘든거지만 하나님을 들먹여?
"강병원 “예수님, 부처님도 기독교·불교 장관 낙마할 듯”",2021-05-13 10:11:00,2021-05-13 10:48:00,낮은자,정말 미쳤구나
"강병원 “예수님, 부처님도 기독교·불교 장관 낙마할 듯”",2021-05-13 10:11:00,2021-05-13 10:42:00,Jay Shim,"아느냐 병원아?
예수나 부처나 다 살아 생전엔 다 고생만 했다.
공자도 죽도록 고생했다지만
공자야 자리 준다면야 얼씨구나 할 인간였는데도
어쨌든 잘 안 팔렸다.
지금 장관 시키겠다고 올린 것들.
물론 택도 없는 것들이다.
그런데 지금 세상에 적어도 청와대 근처에서 얼씬거리며
문통에게 이름까지 올리려면 돈 없는 자가 근처까지
갈수나 있을것 같은가?
그 돈의 축적 과정을 따지는데
소위 권력층이라 불리는 곳에서 놀고 싶은 것들은 어느누구도 돈 축적과정에선 자유스럽지 못하다고 장담한다.
즉 청와대 내에서는 이미 오래 전부터 돈 많이 쳐 받아 쳐먹고 이름 올리는 거라 보면 된다.
그럼 능력은 ? 무슨 능력?개뿔.
다 썩은 나라에서 뭘 찾을수 있겠는가?
문통도 아마도 오래전 꿈에서 깨여 일찍 포기 한 것 같다.
어쨋거나
썩어 물 통에 좀 더 썩은 것들이 들어간들 어차피 썩은 물통이다.
말 장난 하지 말고 꺼져라."
"강병원 “예수님, 부처님도 기독교·불교 장관 낙마할 듯”",2021-05-13 10:11:00,2021-05-13 10:42:00,wo****,정말 부적절한 표현이로군요. 잘못된것이 있다면 진솔한 사과가 먼저이고 여와야가 청문회에대해 대화하고 고쳐나가면 될것이고 민주당이 야당이었을때도 똑같은 모습이었던걸 기억해야지 늘 '관례'라고 핑계하는 무리들 답습니다. 그리고 감히 비교할데에 비교하십시오. 대한민국에 완전히 고치고 바로서게 할게 있다면 국회의원들입니다. 부끄러운지나 아세요
"강병원 “예수님, 부처님도 기독교·불교 장관 낙마할 듯”",2021-05-13 10:11:00,2021-05-13 10:41:00,이은조,"이런 쓰래기가 집권당 의 최고의원 이라니 한심 하다 !
허기야 !
밀수 한 놈 을 장관 후보에 지명 한 놈 도 있는데 . . ."
"강병원 “예수님, 부처님도 기독교·불교 장관 낙마할 듯”",2021-05-13 10:11:00,2021-05-13 10:38:00,leedy****,한심하다 못해 추하기까지 하구나 예수님이 애초에 저런 불법은 안하셨겠지 당신들의 내로남불은 어디까지인가? 정말 뻔뻔하구나
"강병원 “예수님, 부처님도 기독교·불교 장관 낙마할 듯”",2021-05-13 10:11:00,2021-05-13 10:35:00,samu****,저런 게 최고의원이니 민주당이 이 모양이지~ 에이그 한심한 작자 들!!
"강병원 “예수님, 부처님도 기독교·불교 장관 낙마할 듯”",2021-05-13 10:11:00,2021-05-13 10:34:00,Ray,국민의 눈높이는 커녕 청와대에서 스스로 정한 인사 기준에도 한참 미달인데 뭔 소리냐!!
"강병원 “예수님, 부처님도 기독교·불교 장관 낙마할 듯”",2021-05-13 10:11:00,2021-05-13 10:33:00,hrd333,"비교법도 모르는 .... 왜 이리 무식하고 비정상적이고 말 할 줄 모르는 국개의원들이 이리도 넘쳐나냐?
동네가 그런 동네이다 보니 다 똑같은 인간들이 되어가나?정말 한심하기 그지 없다. 제발 공부 좀 해라 제~에발~"
"강병원 “예수님, 부처님도 기독교·불교 장관 낙마할 듯”",2021-05-13 10:11:00,2021-05-13 10:32:00,last bastion,"저런 인간을 국회의원으로 뽑아 준 지역구민들의 의식은 도대체 뭐니까? 한심한 떨거지 같으니라고...
어디다 비교를 하니? 허접한 듭보잡 같으니라고..!"
"강병원 “예수님, 부처님도 기독교·불교 장관 낙마할 듯”",2021-05-13 10:11:00,2021-05-13 11:55:00,김덕수,@last bastion 마치 국민학교 시절 엄마 아빠 건다고 막말하는 듯한 늬앙스의 저런 의원을 왜 뽑았나...
"강병원 “예수님, 부처님도 기독교·불교 장관 낙마할 듯”",2021-05-13 10:11:00,2021-05-13 10:29:00,이즈,끝까지 내로남불이구나......
"강병원 “예수님, 부처님도 기독교·불교 장관 낙마할 듯”",2021-05-13 10:11:00,2021-05-13 10:29:00,noa****,저런 사고 방식을 가지고 있으니 보선에서 대패했지... 아직도 정신을 못차렷꾸나... 그래 차라리 제발 정신을 차리지 마라...내년 대선에서 결정타 한 방 얻어 쳐먹고 정계 은퇴들 해라...민주당은나라의 좀벌레 들이구만...
"강병원 “예수님, 부처님도 기독교·불교 장관 낙마할 듯”",2021-05-13 10:11:00,2021-05-13 10:25:00,버나드 쇼,사실 이런 부분은 당을 떠나 마찬가지인 거 같다. 네거티브 위주의 검증을 지속하는 건 그리 좋은 방법이 아닌 거라고 생각한다.
"‘공’ 넘겨받은 여당, 청와대와 야당 사이 고민 더 깊어간다",2021-05-11 20:56:00,2021-05-12 20:04:00,김성진,"무엇이든 원측대로 하라, 이랫다 저랫다 하면 국민의 불신임만 깊어 간다."
"‘공’ 넘겨받은 여당, 청와대와 야당 사이 고민 더 깊어간다",2021-05-11 20:56:00,2021-05-12 07:52:00,000000,비문대표로 야당을 견제하는 이이제이 전략이네
"‘공’ 넘겨받은 여당, 청와대와 야당 사이 고민 더 깊어간다",2021-05-11 20:56:00,2021-05-12 00:44:00,cha,"이승만 대통령은 매 주 기자회견을 했는데, 문재인은 1년에 한 번 할까 말까 하니
정일이 같이 대중 앞에서는 말 할줄도 모르고 남이 써 준 글이나 읽는 무식한 자이다.
질본 전문가가 중공제 바이러스 막으라 알려주었지만 그는 직수입 허용했고,
백신을 확보하라 일러주었건만 이자가 하는 소리는 돈이 없었단다.
이런 쌍거짓말이 어디있느냐?

백신 보급율이 지금 180개국중 83번째, 평균 이하로 만든자가 변명같지 않는 변명을 하면서
캄보디아나 인도보다 못한 나라로 만들었다.
""계급투쟁론""에 빠진 자는 절대 ""미얀합니다/ 잘못했습니다.""란 말을 하지 않는다.
절대 자신의 잘못을 인정하지 않는다.
어릴 적 부모교육 부재/잘못된 사상에 의해 심각한 정신병이 걸린 것이다.

저런 것을 통으로 뽑은 자들이 이 땅에 계속 살고싶다면
저자가 영혼을 판 북돼지를 저주하고, 그 돼지로 부터 영혼을 빼앗아와야 한다."
"‘공’ 넘겨받은 여당, 청와대와 야당 사이 고민 더 깊어간다",2021-05-11 20:56:00,2021-05-12 00:08:00,등대지기,공수처의 처음이자 마지막 할일은 프랑스대혁명 때 길로틴 처럼 찌그러진 달빛을 처단해야 되는것 아닌가? 그렇지 않으면 백성들의 돌팔매에 짛뭉개져 사라진 카디피의 꼴이 나지 않으란 법이 없다.
"‘공’ 넘겨받은 여당, 청와대와 야당 사이 고민 더 깊어간다",2021-05-11 20:56:00,2021-05-11 22:36:00,fre,뭐 계속 고집 부리고 임명 강행할 거면서 고민하는 척 하시기는... 국민 목소리 그렇게 들으실 거였으면 지지율폭락이 있었을까? 고집불통.
"[속보]문 대통령, 마지막 총리에 ‘비문’ 김부겸 지명…국토부 등 5개부처 개각",2021-04-16 13:33:00,2021-04-16 16:02:00,긴도깡,홍어엿당이 바지사장내세우네
"[속보]문 대통령, 마지막 총리에 ‘비문’ 김부겸 지명…국토부 등 5개부처 개각",2021-04-16 13:33:00,2021-04-16 15:24:00,A few good men,이번 개각으로 총리지명자가 되신 분의 또 어떤 흠결이 이슈화될 지 걱정입니다.
"[속보]문 대통령, 마지막 총리에 ‘비문’ 김부겸 지명…국토부 등 5개부처 개각",2021-04-16 13:33:00,2021-04-16 15:16:00,돌박사,"김 부겸 전 장관의 총리지명을 축하한다.
일찍이 국민을 위하고, 민주적 인사였던 김 전 장관이, 혀짤배기 갱생도, 태생적 지역의 한계를 못 넘고, 큰 일을 못하심을 내심 안타까웠는데, 이토록 중책을 맡으시니, 어려운 형편에 놓인 이 나라를 잘 이끄시고, 대통령님을 보필하시리라 믿는다.
김 전 장관님도 뼈저리게 느끼셨을 것이다.
다까끼 마사오를 토템 신앙으로 하여, 그의 딸 우주의 무당 순시리 아바타, 바꾼애도 함게 신의 반열에 올라가 있는 지역이 혀짤배기들의 땅인 갱생도 지역임을 말이다.
아마도 그 지역 출생자가 아니었다면, 분명 대통령의 반열에 오르실만큼 역량을 갖추심 분이신 것을 나는 익히 알고 있다.
안타깝다.
그러나 진흙펄 속에서도 화려한 연꽃이피고, 악의 대며요ㅏ '나사렛'에서도 선한 목자이신 예수께서 나셨다.
얼마나 오랜 날이 흘러야 할지, 아니면 영원히 '우리가 남이가?' '나라를 팔아먹든 지져를 처먹든 우리는 영남의 똥당이라' 하는 정신병자 무뇌아들의 정신이 돌아와서, 김 지명자를 알아보는 누깔을 가질지 모르겠다.
그날을 한번 기다려 본다."
"[속보]문 대통령, 마지막 총리에 ‘비문’ 김부겸 지명…국토부 등 5개부처 개각",2021-04-16 13:33:00,2021-04-16 15:03:00,박은경,정세균 총리 가시는 길에 대통령의 덕담이 참 훈훈하네요. 코로나 시국에 비상사태에서도 대구까지 가셔서 수고하신 것은 잊지 않고 있습니다. 총리께서 비상 시국에 위험함을 무릎쓰고 현장에 머물면서 진두지휘하여 국정 안정에 기여하신 것은 훌륭한 행보였습니다. 위기에는 항상 대한민국의 위대함이 드러나게 되죠. 그동안 수고 많이 하셨습니다.
"[속보]문 대통령, 마지막 총리에 ‘비문’ 김부겸 지명…국토부 등 5개부처 개각",2021-04-16 13:33:00,2021-04-16 14:42:00,긴도깡,비문이아니라 뒷문이네 이제 실실 뒷문으로 도망갈생각하네
"[속보]문 대통령, 마지막 총리에 ‘비문’ 김부겸 지명…국토부 등 5개부처 개각",2021-04-16 13:33:00,2021-04-16 14:24:00,땅땅,"이건뭐, 초등학교 반장뽑는것도 아니고
우리캠프 인물없으니 버린카드 재활용만 계속하시네요
참으로 안타깝습니다
보나마나 이자도 감투좋아하니 냉큼 받아들겠지"
"[속보]문 대통령, 마지막 총리에 ‘비문’ 김부겸 지명…국토부 등 5개부처 개각",2021-04-16 13:33:00,2021-04-16 14:21:00,이나라왕,김부경 총리에 잘 된 인사라고 봄...
"[속보]문 대통령, 마지막 총리에 ‘비문’ 김부겸 지명…국토부 등 5개부처 개각",2021-04-16 13:33:00,2021-04-16 14:20:00,식민지 국민들,"문재인이가 밑에 쫄들한테 집값 안정화 시키라고 지시 했겠지! 그러나 쫄들이 부정하게 챙기고, 능력이 없어서 부동산 정책에 실패를 했듯이…. 5.18 전두환도 총들고 대항하는 시민군을 무장해제 시키고 집으로 들어가라고 지시를 했겠지만,,, 공수부대원들도 군인이기전 사람인지라 흥분하고 열받아 상호간 총질을 한것이지…. 안그냐??? 그러나,,, 책임은 문재인과 전두환이가 짊어져야제,,,,,,"
"[속보]문 대통령, 마지막 총리에 ‘비문’ 김부겸 지명…국토부 등 5개부처 개각",2021-04-16 13:33:00,2021-04-16 14:20:00,식민지 국민들,"20, 30 청년들에게 물었다한다??? 여유, 직업, 시간, 직장, 회사, 돈, 일자리, 주거, 집, 자신감, 취업, 성공, 안정, 건강, 기회, 휴식, 준비 등등……………….. 의 답변이 나왔는데? 그중 가장 필요한것은 돈/취업/직장 순이었댄다. 문재인 듣거라~ 당신이 노무현의 복수를 감추고 말싸운 연습만 잘해서 대통이 되었지만,,,,, 짜가로 공정, 정의를 부르짖으면….. 지금까지 왔지만!!! 사회의 첫 발을 디딛는 젊은이들에게 준게 무었하나있었던가??? 내가 그랬다! 대통이 되는게 중요한게 아니라,,,,, 나라를 어떻게 하면 잘 이끌어갈수있는 능력이 중요한거라고....??? 그러나, 유권자들은 아직도 말싸움 잘하는 사람을 뽑고있는게 현실이다. 유권자들이 변하지 않는한 한국 정치는 민간인들이 나라를 망쳐 놓는다는게 작금의 현실이란점 똑똑히 기억하거라~~~ 말를 보지말고, 그사람의 발을 보는 안목을 키우는것만이 나라를 건진다는걸 꼭 명심해라!!!"
"[속보]문 대통령, 마지막 총리에 ‘비문’ 김부겸 지명…국토부 등 5개부처 개각",2021-04-16 13:33:00,2021-04-16 14:19:00,곰퓨러,"남들 공부할 때 짱똘이나 던져서 기물파괴하던 애들이 영의정감투라니...
기가 차서 살 맛이 안납니다!!!"
"[속보]문 대통령, 마지막 총리에 ‘비문’ 김부겸 지명…국토부 등 5개부처 개각",2021-04-16 13:33:00,2021-04-16 14:08:00,박만호,축하 개언론들 작살내지 못하면 여론도..대선도 희망은 없다 ! 특히 개경향
"청 오찬 거절 이어 ""백신 국조"" 요구...김기현, 대여 '강경모드'",2021-05-02 18:30:00,2021-05-03 21:44:00,수양대군,아.. 그렇겠죠.. 다시 영남당이라고 국민들이 손가락질 한는데 돌파구가 여당을 공격해서 이돌파구를 뚤고 나가자는 거겠죠...국민들이 호구냐이 개쐐끼야...김기현이 정치하랬지 누가 너보고 정쟁하라했냐 이 꺠쐐끼야..
"청 오찬 거절 이어 ""백신 국조"" 요구...김기현, 대여 '강경모드'",2021-05-02 18:30:00,2021-05-03 10:21:00,계림,"당 대표도 영남이면 확실한 영남당이 될수있는데?...........................................제발 그렇게 쫌,"
"청 오찬 거절 이어 ""백신 국조"" 요구...김기현, 대여 '강경모드'",2021-05-02 18:30:00,2021-05-03 09:18:00,유강,백신 공급 원활치 못한 나라들 다 국정 조사하나? 뉴스 삼지 말고 시야를 넓혀 봐라. 무늘해서 백신을 못구하는가 생산국의 강국들의 갑질 때문인가? 그걸로 정권 교체 기대하면 헛발질이다 K방역은 세계의 모범이다.
"청 오찬 거절 이어 ""백신 국조"" 요구...김기현, 대여 '강경모드'",2021-05-02 18:30:00,2021-05-03 07:51:00,skk3****,100석으로 뭐 하려고? 꼬라지를 알고 다음 총선에 대비하게나
"청 오찬 거절 이어 ""백신 국조"" 요구...김기현, 대여 '강경모드'",2021-05-02 18:30:00,2021-05-03 07:32:00,Ma Heart,"뭐 한-일, 한-미, 남-북 회담도 아니고~, 뗑강이 주제에~, 뭔 의제씩이나~!
신문들도 정신 챙기셔요~, 현안 공부도 안된 집단을 굉장한 정치정당인냥
윤색하지 말고~! 온갖 헐뜯기 전문 집단일 뿐 아닌가 말이요~.
한 심 한 야-언."
"청 오찬 거절 이어 ""백신 국조"" 요구...김기현, 대여 '강경모드'",2021-05-02 18:30:00,2021-05-03 06:16:00,huryh****,고래고기는잘팔았나.? 나머지는없는가.? 남았으면 나한테넘겨 돈좀벌게
"청 오찬 거절 이어 ""백신 국조"" 요구...김기현, 대여 '강경모드'",2021-05-02 18:30:00,2021-05-03 00:08:00,포악디에지,"제2 홍준표가 나왔네 ,,축하한다."
"청 오찬 거절 이어 ""백신 국조"" 요구...김기현, 대여 '강경모드'",2021-05-02 18:30:00,2021-05-02 23:30:00,천풍성,조국 표창장 가지고 인사청문회 할게 아니라 판사생활하며 7ㅔ억 모았다는 김기현 이런자를 청문회 해야 하는거 아닌감?
"청 오찬 거절 이어 ""백신 국조"" 요구...김기현, 대여 '강경모드'",2021-05-02 18:30:00,2021-05-02 23:26:00,사과사,"윤석열·김정숙·문재인이 박원순 살해 혐의로 입건돼 피의자가 된 사유

박원순 사인은 전신이 허공에 매달린 질식사(목 졸림)다 이때 심장 박동이 정지되면 중력 작용으로 혈액이 몸 아래쪽 모세혈관 내로 침강하면서 자줏빛 반점이 시체의 손끝 발끝 다리 아래쪽에 생긴다 그러나 시신에는 반점이 뒷덜미 허리 등 허벅지에 나타나 있다 즉 타살된 뒤 옮겨진 것이다
https://blog.naver.com/cnamsung/222170443857"
"청 오찬 거절 이어 ""백신 국조"" 요구...김기현, 대여 '강경모드'",2021-05-02 18:30:00,2021-05-02 22:28:00,안영환,김기현 이 자 판사했던 사람 맞아요? 목숨걸고 판결했을 듯한데 이런 자들이 판사질하니 간쳡조작이 가능했을 거고 유서조작도 가능했을 듯. 국회에서 목숨걸고 투쟁을 어찌하는지 구경꾼들 많아지겠군.
"청 오찬 거절 이어 ""백신 국조"" 요구...김기현, 대여 '강경모드'",2021-05-02 18:30:00,2021-05-02 22:25:00,김성진,어느 당의 정치인이든 재산이 많아야 출세할 수 있는 곳이 대한미국인 것 같습니다. 어떻게 재산을 형성하였는가는 문제하지 않는다는 사실입니다. 그러니 부동산투기꾼이나 부정부패의 원흉들이 출세를 하고 있다는 사실이 아니겠습니까?
"청 오찬 거절 이어 ""백신 국조"" 요구...김기현, 대여 '강경모드'",2021-05-02 18:30:00,2021-05-02 22:16:00,김성진,"김기현씨, 재산 모으는 실력은 확실한 것 같습니다. 공직자 생활에서 74억이란 재산을 모을 수 있으니 말입니다."
"청 오찬 거절 이어 ""백신 국조"" 요구...김기현, 대여 '강경모드'",2021-05-02 18:30:00,2021-05-02 21:35:00,jweh****,백신국조라.. 김기현이가 제대로 미친건가? 니들이 잘해서 보궐선거 이긴것 같냐? 이샠키들은 표좀 받으면 다가진것처럼 행동하니.. 참으로 어이가 없다.
"청 오찬 거절 이어 ""백신 국조"" 요구...김기현, 대여 '강경모드'",2021-05-02 18:30:00,2021-05-02 21:24:00,송길웅,나는 고래고기 사건을 먼저 국정조사를 했으면 하는데 그게 순서가 아닌가?
"청 오찬 거절 이어 ""백신 국조"" 요구...김기현, 대여 '강경모드'",2021-05-02 18:30:00,2021-05-02 21:24:00,정의와 공정,국적당 어느놈이 돼도 나라엔 마이너스뿐
"청 오찬 거절 이어 ""백신 국조"" 요구...김기현, 대여 '강경모드'",2021-05-02 18:30:00,2021-05-02 21:04:00,작은등불,울산역 땅 주변 투기꾼이 아니신가...
"청 오찬 거절 이어 ""백신 국조"" 요구...김기현, 대여 '강경모드'",2021-05-02 18:30:00,2021-05-02 20:50:00,전설의 미르,"없어져야할 넘들이
살아서
또 뒷목잡게 만드는군
에라 개 대지보다 못한 넘들"
"청 오찬 거절 이어 ""백신 국조"" 요구...김기현, 대여 '강경모드'",2021-05-02 18:30:00,2021-05-02 20:29:00,sky2018,토착왜구들까지 정신을 혼미하게 만들 난새의 또라이.
"청 오찬 거절 이어 ""백신 국조"" 요구...김기현, 대여 '강경모드'",2021-05-02 18:30:00,2021-05-02 20:27:00,구이,"에라이, 몹쓸놈들...아무런 대안도 없이 그저 반대를 위한 반대만 해대냐?
다들 방역체계 구축하려고 쉴틈도 없이 바삐 뛰어다니는데,
책상머리에 앉아서 국조타령이나 하고 있는 꼬라지라니...
아무리 당리당략이 중요하다해도 기본적으로 나라와 국민을 위한 방향은 먼저 잡아야 할거 아니냐."
"청 오찬 거절 이어 ""백신 국조"" 요구...김기현, 대여 '강경모드'",2021-05-02 18:30:00,2021-05-02 20:26:00,냉이체리,아가리에 고래고기를 쑤셔 넣고 싶다.
"청 오찬 거절 이어 ""백신 국조"" 요구...김기현, 대여 '강경모드'",2021-05-02 18:30:00,2021-05-02 20:25:00,-,"고맙데이~~ (내가 서울 토박이라 갱상도 본토발음이 아니라서 미안하데이~) 기현아 !!~~~~~

니가 X맨이 데이~~ 이왕이면 전광훈이 손도 좀 잡아 주그래이~~

국민의짐, 토착왜구들 도태에 큰 도움이 된다네 자네 덕에 ^^"
"청 오찬 거절 이어 ""백신 국조"" 요구...김기현, 대여 '강경모드'",2021-05-02 18:30:00,2021-05-02 19:59:00,ys kim,갱상도극우 아니랄까봐 벌써부터 정부에대한 시비조로 나오는거봐라 니넘이백신구해봐라 잘되는가
"청 오찬 거절 이어 ""백신 국조"" 요구...김기현, 대여 '강경모드'",2021-05-02 18:30:00,2021-05-02 19:53:00,으니,"대표 당선 후 제1성이 목숨 걸고 싸워서 이긴다였는데 정치는 타협과 상생,협치가 우선이지요.
그리고 코로나19의 확산 방지와 백신 확보 문제로 열일하고 있는데 협조는 못할망정 국정조사를 하자구요? 국난이 닥치면 협력으로 어려움을 극복해야지 정쟁화 시켜서 어쩌자는 것인지 ㅉㅉ"
"청 오찬 거절 이어 ""백신 국조"" 요구...김기현, 대여 '강경모드'",2021-05-02 18:30:00,2021-05-02 19:45:00,송병구,"백신국조 요구할게 아니라 울산 돌고래사건과 니동생 의혹이나 국조든 특검이든 검찰수사나
제대로하라고 하거라
제발 푼수떨지말고 찌그러져 있어라
잘못하면 네 발등직을라"
"청 오찬 거절 이어 ""백신 국조"" 요구...김기현, 대여 '강경모드'",2021-05-02 18:30:00,2021-05-02 19:35:00,mola,꼬올깝을 떨어요
"청 오찬 거절 이어 ""백신 국조"" 요구...김기현, 대여 '강경모드'",2021-05-02 18:30:00,2021-05-02 19:34:00,역사다시쓰기,구김당 ! 사람을 뽑았어아지 .. 고래를 . 정치판 볼만 하겠다 !!
"청 오찬 거절 이어 ""백신 국조"" 요구...김기현, 대여 '강경모드'",2021-05-02 18:30:00,2021-05-02 19:12:00,팽구,"백신확보에 눈꼽만치도 보탬이 안되고 국민 불안만 증폭시킨 자들이 국조하자구?
소가 웃을일
제 무덤파고 있구먼 ~ ~"
"민주당 당대표 3파전, 최종승자는",2021-04-24 10:50:00,2021-04-25 12:35:00,우그리,세넘 중 누가 되면 뭐하노? 그놈이 내나 그놈일 뿐인데.
"민주당 당대표 3파전, 최종승자는",2021-04-24 10:50:00,2021-04-25 19:41:00,pasto****,@우그리 사상이 더러운 것들이라 희망이 없다.
"민주당 당대표 3파전, 최종승자는",2021-04-24 10:50:00,2021-04-25 11:55:00,samyi,"검찰 개혁.
언론 개혁.
언론 징벌적 손해 배상..!!
180석 거대 여당을 만들어준..!!
국민들이 지켜보고있다..!!"
"민주당 당대표 3파전, 최종승자는",2021-04-24 10:50:00,2021-04-24 19:58:00,서방,"돼지발정제 입당시켜라
바로 대선병도지고 당대표넘봐 이용하려한다
당대당 안철수 대표급 발정제 1호운전수 딱이다"
"민주당 당대표 3파전, 최종승자는",2021-04-24 10:50:00,2021-04-25 19:42:00,pasto****,@서방 맛이 간 도야지 같은 인간인가보다.
"민주당 당대표 3파전, 최종승자는",2021-04-24 10:50:00,2021-04-24 15:52:00,do****,"해방된지 100 년도 안되서,,,,,,,,,,,,친일파 손자가 거대 여당 당대표라니~~~~~ 살다 살다 ~~~~~~잘하면 다음엔 대통하겠네~~~~~!!"
"민주당 당대표 3파전, 최종승자는",2021-04-24 10:50:00,2021-04-24 14:36:00,김성진,이번 당권 경쟁에서 여야를 막론하고 재산이 많은 인간은 부동산투기의 원흉이라 생각하여 퇴출시키는 방향으로 나갔으면 한다.
"민주당 당대표 3파전, 최종승자는",2021-04-24 10:50:00,2021-04-24 14:23:00,긴도깡,홍영표이넘은 조상이 친일파잖아 민주홍어엿당이네
"민주당 당대표 3파전, 최종승자는",2021-04-24 10:50:00,2021-04-24 13:34:00,hijoker****,정원 재창출을 바라는 당원들이 결국 홍영표를 선택할 것이라 본다.
"민주당 당대표 3파전, 최종승자는",2021-04-24 10:50:00,2021-04-24 17:08:00,hijoker****,@hijoker**** 정권 재창출은 홍영표 당대표가 제격이다. 이낙연 대선후보와 손발이 아주 잘 맞을 것이다.
‘친문’색 빼고 정책 연속성에 방점…‘돌려막기’ 인사 비판도,2021-04-16 20:47:00,2021-04-18 11:28:00,사과사,"박원순을 살해한 청와대 행정관을 검찰에 신고했는데

사인은 전신이 허공에 매달린 질식사다 그런데 시신에는 시반이 뒷덜미 허리 등 허벅지에 나타나 있다 즉 타살된 뒤 옮겨진 것이다 https://blog.naver.com/cnamsung/222170443857"
‘친문’색 빼고 정책 연속성에 방점…‘돌려막기’ 인사 비판도,2021-04-16 20:47:00,2021-04-17 17:30:00,-,"우러덜이 하는건 개혁, 너거덜이 하는건 발목잡기.
우러덜이 계약서 없이 세금 갖다 들이 박는건 ""관행"", 너거덜이 하는건 적폐
우러덜이 하는건 언론개혁, 너거덜이 하는건 검열
우러덜이 수사하는건 검찰이, 너거덜이 권력 잡았을 땐 검경 따로
우러덜이 차이나 타운 짓고, 원전 때려 부수고 신내림 받아서 새벽에 자료삭제하는건 아랫물 잘못, 너거덜이 미국한테서 사드 받아오는것 사대주의
우러덜때 감옥 안에 있는사람 코로나 걸리면 관리잘못, 너거덜 땐 단두대에 목 잘려야 할 잘못."
‘친문’색 빼고 정책 연속성에 방점…‘돌려막기’ 인사 비판도,2021-04-16 20:47:00,2021-04-17 17:25:00,chong,"조선 2중대 경향기레기야
검찰개혁이 독선이라고 검찰개혁과 언론개혁 고강도로 해야한다
기자생활 몇년하면 아파트 한채하던 그때가 그립냐........"
‘친문’색 빼고 정책 연속성에 방점…‘돌려막기’ 인사 비판도,2021-04-16 20:47:00,2021-04-17 11:12:00,박만호,개경향 사장놈을 잘못 뽑더니... 개판된 개경향=폐간직행해 보지
‘친문’색 빼고 정책 연속성에 방점…‘돌려막기’ 인사 비판도,2021-04-16 20:47:00,2021-04-17 10:58:00,Hakunamatata,"문가주변이 온통 쓰레긴데 뭐....기대도없지. 친문색을 빼? ㅎㅎ 웃기지마. 색을 어떻게 빼니? dna가 빨 갱이
친문인데."
‘친문’색 빼고 정책 연속성에 방점…‘돌려막기’ 인사 비판도,2021-04-16 20:47:00,2021-04-17 17:26:00,chong,@Hakunamatata 부처눈엔 부처만 쓰레기 눈깔엔 쓰레기만 보이는법
‘친문’색 빼고 정책 연속성에 방점…‘돌려막기’ 인사 비판도,2021-04-16 20:47:00,2021-04-17 10:55:00,김복수,경향기레기도 잣중동 닮아가는 구나....
‘친문’색 빼고 정책 연속성에 방점…‘돌려막기’ 인사 비판도,2021-04-16 20:47:00,2021-04-17 17:27:00,chong,@김복수 조중동보다 한술 더떠요 개경향
‘친문’색 빼고 정책 연속성에 방점…‘돌려막기’ 인사 비판도,2021-04-16 20:47:00,2021-04-17 10:02:00,식민지 국민들,"또 속이는구나!!! 영호남 갈등??? 남북통일??? 영호남 갈등은 국민속임수이고 니놈들이 만들어낸 속임수 임을 이제는 5천만 국민이 다~ 알고있다!!! 그만 국민을 개.돼지로 보지 말거라!!! 남북통일건도 똑같은 속임수이다! 북한이 스스로 괴멸하지 않는한, 미국이 박살을 네지 않는한 영원히 남북은 존재할것이다!!! 그만들 국민을 개.돼지로 보지 말거라,,,,, 드러운 세치혀!!! 니들 자식들에게도 그렇게 당당한가??? 창피하지 않는가??? 국민속여 관료되는 기분을......"
‘친문’색 빼고 정책 연속성에 방점…‘돌려막기’ 인사 비판도,2021-04-16 20:47:00,2021-04-17 10:01:00,식민지 국민들,"20, 30 청년들에게 물었다한다??? 여유, 직업, 시간, 직장, 회사, 돈, 일자리, 주거, 집, 자신감, 취업, 성공, 안정, 건강, 기회, 휴식, 준비 등등……………….. 의 답변이 나왔는데? 그중 가장 필요한것은 돈/취업/직장 순이었댄다. 문재인 듣거라~ 당신이 노무현의 복수를 감추고 말싸운 연습만 잘해서 대통이 되었지만,,,,, 짜가로 공정, 정의를 부르짖으면….. 지금까지 왔지만!!! 사회의 첫 발을 디딛는 젊은이들에게 준게 무었하나있었던가??? 내가 그랬다! 대통이 되는게 중요한게 아니라,,,,, 나라를 어떻게 하면 잘 이끌어갈수있는 능력이 중요한거라고....??? 그러나, 유권자들은 아직도 말싸움 잘하는 사람을 뽑고있는게 현실이다. 유권자들이 변하지 않는한 한국 정치는 민간인들이 나라를 망쳐 놓는다는게 작금의 현실이란점 똑똑히 기억하거라~~~ 말를 보지말고, 그사람의 발을 보는 안목을 키우는것만이 나라를 건진다는걸 꼭 명심해라!!!"
‘친문’색 빼고 정책 연속성에 방점…‘돌려막기’ 인사 비판도,2021-04-16 20:47:00,2021-04-17 09:22:00,여름영희,"노무현 흔들듯
문재인도 흔들어보려구요.
쓰레기 언론이 나라걱정 하길
바라는 건 환상이지요?

무조건 비판부터 해대는 신문기사.
기자님들 제발 오서훈 박형준에게도
이렇게 하시길..."
‘친문’색 빼고 정책 연속성에 방점…‘돌려막기’ 인사 비판도,2021-04-16 20:47:00,2021-04-17 10:53:00,김복수,"@여름영희 꼭 기자님이란 존칭을 써야 합니까?
기레기도 과한 판에 기자님이라니요?"
‘친문’색 빼고 정책 연속성에 방점…‘돌려막기’ 인사 비판도,2021-04-16 20:47:00,2021-04-17 08:39:00,명준아빠,머? 민심을 수습해? 망했어 이미 ... 가방쌀 준비들이나 해라... 앞으로 대선.총선.지방선거 알지? 어떻게 될지..
‘친문’색 빼고 정책 연속성에 방점…‘돌려막기’ 인사 비판도,2021-04-16 20:47:00,2021-04-17 07:37:00,Jay Shim,"아이디어란 전혀 없는 문.
불쌍타.
왜 이지경까지
스스로 몰렸을까?
이번 인사 하는꼴을 보니
역시 답이 없는 인간.
이게 무슨 말인줄 몰라?
그럼 됬어.
그냥 사라지시게나."
‘친문’색 빼고 정책 연속성에 방점…‘돌려막기’ 인사 비판도,2021-04-16 20:47:00,2021-04-17 06:37:00,도랑,"무엇이 달라졌는지 묻고싶다 김부겸이 총리 되면 대구표심 얻어 가는것 빼곤 무엇을 할수있는데
윤호중이 대표로 있는 친문당이 청와대 손 발이 되어 국민을 개 돼지 취급했던 4년 간으로 돌아 갈텐데
문재인이 사람 없기는 없는 모양이야 홍남기 대신할 사람 하나 못구하는걸 보면"
‘친문’색 빼고 정책 연속성에 방점…‘돌려막기’ 인사 비판도,2021-04-16 20:47:00,2021-04-17 08:40:00,명준아빠,@도랑 대구민심.... 가뜩이나 보수색채 강한동넨데 대구코로나 어쩌구 해서 다시 90%보수당 지지 나올껄?
‘친문’색 빼고 정책 연속성에 방점…‘돌려막기’ 인사 비판도,2021-04-16 20:47:00,2021-04-17 09:25:00,여름영희,"@명준아빠 대구 민심요?
대구는 대한민국 시민 말고,
대구민국 시민들 사시잖아요.
그분들은 나라걱정보나 대구 걱정만 하시던데...
대구 경북 말고는 모조리
빨갱이라던데요.
제발 대구도 대한민국 걱정하는 국민들이 사는 땅이길..."
‘친문’색 빼고 정책 연속성에 방점…‘돌려막기’ 인사 비판도,2021-04-16 20:47:00,2021-04-17 06:06:00,chok****,"그래서 끼리끼리 ""끼끼 민주당"" 아닌가~!!!!"
‘친문’색 빼고 정책 연속성에 방점…‘돌려막기’ 인사 비판도,2021-04-16 20:47:00,2021-04-17 04:12:00,noa****,"도종환 당대표, 윤호중 원내대표 가 골수 친문중에 친문 이잖아.... 문재인 옹호 하기 위해서 올인한 민주당 아직도 정신 못차렸구만.... 그러면서 뭐 친문색을 뺐다고 경향신문이 어준이가 장악한 제2의 교통방송이였구만...국민을 속이려 들다니..."
‘친문’색 빼고 정책 연속성에 방점…‘돌려막기’ 인사 비판도,2021-04-16 20:47:00,2021-04-17 01:38:00,prom,"썰전 같은데 나와서 낄낄대며 노가리나 털던 이철희가 삶은소대가리 눈에는 정무수석 재목으로 보이나 보다..
이런 안목으로 세상을 보니 ..항간에선 김어준이 이정권의 상왕 이란 소문이 퍼지는 것이지..한심하다 재인아."
‘친문’색 빼고 정책 연속성에 방점…‘돌려막기’ 인사 비판도,2021-04-16 20:47:00,2021-04-17 01:07:00,안티,"이낙연에 이어 김부겸까지 라임 옵티머스 범죄자 동료를 내각에 넣는 문재앙의 일관된 인선에 감탄했습니다.
끝까지 쪼구기를 지키며 제보자X같은 놈들과 함께 검찰을 작살내고 사기꾼 천국을 만들어주세요."
‘친문’색 빼고 정책 연속성에 방점…‘돌려막기’ 인사 비판도,2021-04-16 20:47:00,2021-04-17 00:24:00,sj****,"성추행 2차 가해자를
국무총리?"
‘친문’색 빼고 정책 연속성에 방점…‘돌려막기’ 인사 비판도,2021-04-16 20:47:00,2021-04-16 23:19:00,i635****,"이래도 비판, 저래도 비판.
경향, 너 마저 점점 이성을 잃어가는가?"
‘친문’색 빼고 정책 연속성에 방점…‘돌려막기’ 인사 비판도,2021-04-16 20:47:00,2021-04-16 23:01:00,둥둥둥둥둥둥,"""똥"" 딱으러 가셨고만, 똥을 너무 많이 싸질러서 치울수 없을걸!!!"
‘친문’색 빼고 정책 연속성에 방점…‘돌려막기’ 인사 비판도,2021-04-16 20:47:00,2021-04-16 22:51:00,Ginee Kim,기사를 이런 수준으로 밖에 쓸수 없는 것인가?
‘친문’색 빼고 정책 연속성에 방점…‘돌려막기’ 인사 비판도,2021-04-16 20:47:00,2021-04-16 22:42:00,jt****,경향 이색희들좀 보소. 친문이라고 프레임 잡고 갈라치기 하지 마라.
‘친문’색 빼고 정책 연속성에 방점…‘돌려막기’ 인사 비판도,2021-04-16 20:47:00,2021-04-16 21:52:00,명준아빠,어차피 망한거 뭐... 앞으로 한정당이 5년씩 밖에 못해먹어... 그리고 민주당은 앞으로 15년간 집권 못해....싸가지없는거로 워낙 찍혀서 비호감이미지 오래갈거야.....
‘친문’색 빼고 정책 연속성에 방점…‘돌려막기’ 인사 비판도,2021-04-16 20:47:00,2021-04-17 11:07:00,박만호,이 댓글은 작성자 또는 관리자에 의해 삭제된 댓글입니다.
‘친문’색 빼고 정책 연속성에 방점…‘돌려막기’ 인사 비판도,2021-04-16 20:47:00,2021-04-17 11:07:00,박만호,@삭제된 댓글입니다 순실이 동생 멍실아 ! 그 집안 모두가 잘못된 종자를 쓴 것 같다 !
‘친문’색 빼고 정책 연속성에 방점…‘돌려막기’ 인사 비판도,2021-04-16 20:47:00,2021-04-16 23:02:00,둥둥둥둥둥둥,@삭제된 댓글입니다 원조 토착왜구(일제참의 손자)
[김호기 칼럼]‘2022년 대선’의 시대정신(2),2021-03-30 03:00:00,2021-03-30 21:26:00,엄태경,"위의 제 글에 오탈자가 있네요!
'세계행보고서'를 '세계행복보고서'로 바로잡습니다."
[김호기 칼럼]‘2022년 대선’의 시대정신(2),2021-03-30 03:00:00,2021-03-30 19:45:00,엄태경,"나는 당신께서 본질을 잘못 읽었다는 생각이 듭니다. 아래는 당신의 결론입니다.

""자, 결론을 내리자. 시대정신이 복수라면, 2022년 대선의 시대정신은 ‘공정사회’와 ‘해결사로서의 국가’가 될 가능성이 높다. 국민들은 언제나 정직하다.""

저의 결론적 시대정신은 신뢰사회입니다. ""국민들은 언제나 정직하다""도 과도하고 근거없는 주장으로 보입니다.

2021년 세계행보고서가 우리나라의 문제점을 정확히 제시해 주고 있습니다. 보고서가 이렇게 말하고 있습니다.

""바보야! 문제는 신뢰야!""

국민은 언제나 정직하다보다는 때론 국민도 부정직할 때가 있다고 보는 게 맞을 것 같고, 현재 우리국민들은 욕망의 바구니에 담긴 공정을 말하는 것으로 보입니다. 우리사회가 오랜 생존중심형사회를 살아오고 있다는 큰 흐름을 보지 못한 해석으로보입니다.

신뢰문제를 중심으로 문제를 해결하면 당신의 두 문제도 풀릴 수 있지만 당신의 시대정신으론 결코 시대정신이 현실이 되기 어려워 보입니다."
여 “개혁 입법 중단없이 추진”…야 “대통령 국정전환이 최우선”,2021-04-18 21:06:00,2021-04-21 18:18:00,김두일,"국회의원.궈녁자 편가르기하는 검찰개혁 말고
정치권.고위공직자
비리.부정부폐를 없에는 검찰개혁해라.내편은 괜찮고 상대는 악이라는 검찰개혁은 그만해라"
여 “개혁 입법 중단없이 추진”…야 “대통령 국정전환이 최우선”,2021-04-18 21:06:00,2021-04-20 13:32:00,zelalsasang,그놈의 개혁 얼마에요?
[4·7 재보선]지역주의 벽에 막힌 ‘86 정치인’ 대표주자의 꿈,2021-04-08 01:45:00,2021-04-08 11:12:00,해송,"김영춘 화이팅 입니다.
민주당대선후보로 선출되시길 바랍니다."
[4·7 재보선]지역주의 벽에 막힌 ‘86 정치인’ 대표주자의 꿈,2021-04-08 01:45:00,2021-04-08 08:57:00,hjki****,댓들달기힘들다. 지역주의란 타이틀이 쌩뚱맞다. 전국민심이고 민주투사를 가장한 종북 주사파다.
홍남기 부총리도 떠날까…선거 후 ‘개각 폭’ 촉각,2021-03-30 21:05:00,2021-03-31 06:12:00,거안사위,"홍남기 경제부총리 강원도 사람, 경제전문가
빚 만 내다가 재난지원금 뿌리라고 협박하는 좌파 정권에서
고생 하지 말아요
훗날 책임은 모두 뒤집어 쓸텐데..
지금도 늦지 않았습니다
조용히 야인으로 돌아가 편히 사세요"
홍남기 부총리도 떠날까…선거 후 ‘개각 폭’ 촉각,2021-03-30 21:05:00,2021-03-30 22:18:00,풍림화산,꼴통좌빨 등살에 K-빚더미 공적을 일궈낸 답례로 파직을 명하노라.
