제목,날짜,작성일,작성자,댓글
"""대권 선언 임박"" 정세균, 고향 전북서 대선 행보 세몰이",2021-05-12 15:25:00,2021-05-12 17:39:17,pasy****,토사구팽이 뭔지 아실텐데. 행여나 쟤들이 너한테 떡 덩어리를 내어 주겠다. 얕은 꾀로 세상을 윰켜쥐어 보겠다니 어리석기는...
"""대권 선언 임박"" 정세균, 고향 전북서 대선 행보 세몰이",2021-05-12 15:25:00,2021-05-12 16:09:40,paam****,전북 도지사 출마하려나?
"""대권 선언 임박"" 정세균, 고향 전북서 대선 행보 세몰이",2021-05-12 15:25:00,2021-05-12 16:02:46,정****,"세균이 성님이 인물이지라 잉...재명이, 낙연이 보소... 성깔도 그렇고 잉...문제 많은 양반들 아닝감..."
"양승조 ""이재명·이낙연·정세균은 영·호남""…""충청 대표주자"" 대선 출마",2021-05-12 13:50:00,2021-05-12 15:42:11,Just****,민주당은 다 망가지고 앞으로 한국 경제에 지대한 악영향을 끼칠 수 밖에 없는 부동산 폭등(폭풍)부터 해결하고 모두 자숙하는 것이 국민을 고통 속에 밀어넣은 죄에 대한 속죄의 길이다. 국내 자산 가격이 거품 수준이 아니라 거대한 모래 폭풍이란 말이다.
"양승조 ""이재명·이낙연·정세균은 영·호남""…""충청 대표주자"" 대선 출마",2021-05-12 13:50:00,2021-05-12 15:37:58,july****,기사거리가 되나? 요즘 기사 많던데
"양승조 ""이재명·이낙연·정세균은 영·호남""…""충청 대표주자"" 대선 출마",2021-05-12 13:50:00,2021-05-12 15:00:15,insu****,또나 개나 다 기어나오니 이건 대선이 아니라 자기 PR 선거운동이다. 하다하다 별 개짓 다 한다.
"양승조 ""이재명·이낙연·정세균은 영·호남""…""충청 대표주자"" 대선 출마",2021-05-12 13:50:00,2021-05-12 14:30:56,lee2****,"일단 민주당 빼고 엄마,누나, 여동생을 위해서 성범죄당 빼고..."
"양승조 ""이재명·이낙연·정세균은 영·호남""…""충청 대표주자"" 대선 출마",2021-05-12 13:50:00,2021-05-12 14:13:27,조****,꼴두기도 뛰는구나
4개 부처 신설론까지…전 총리 이낙연·정세균 '큰 정부' 경쟁,2021-05-10 10:32:00,2021-05-10 12:12:11,duse****,참으로 한심하다!
4개 부처 신설론까지…전 총리 이낙연·정세균 '큰 정부' 경쟁,2021-05-10 10:32:00,2021-05-10 11:12:25,towe****,큰 정부론은 국가와 국민 행복 증진과 역행하는거다. 지금 등신 문재인의 자살골 정책의 끝을 보고있으면서도 그딴 견소리하는거 보니 무식하기 짝이 없구나. 등신짓 그만하고 삽질도 멈처라
4개 부처 신설론까지…전 총리 이낙연·정세균 '큰 정부' 경쟁,2021-05-10 10:32:00,2021-05-10 11:12:12,stor****,나라에서 제대로 하는게 1도 없는거 같은데 뭐하러 조직을 계속 만드냐? 정말 망하고 싶은거냐?
4개 부처 신설론까지…전 총리 이낙연·정세균 '큰 정부' 경쟁,2021-05-10 10:32:00,2021-05-10 11:03:27,kdje****,권한이 있을땐 아무것도 안하고 권한이 없을땐 아무말 대잔치
4개 부처 신설론까지…전 총리 이낙연·정세균 '큰 정부' 경쟁,2021-05-10 10:32:00,2021-05-10 10:57:35,leeh****,small government 가 대세다. 이 작자들아
4개 부처 신설론까지…전 총리 이낙연·정세균 '큰 정부' 경쟁,2021-05-10 10:32:00,2021-05-10 10:53:14,Myun****,김치국에 락스를 타고싶다
4개 부처 신설론까지…전 총리 이낙연·정세균 '큰 정부' 경쟁,2021-05-10 10:32:00,2021-05-10 10:52:36,이****,"100개 정도 더 만들어 더 큰정부 만들어라, 에라이!"
"이재명, 지지조직 ‘광장’ 출범…이낙연 ‘신복지’, 정세균 ‘국민시대’와 장외 대결",2021-05-12 16:46:00,2021-05-12 18:13:41,jasb****,"재명이 지지조직 이름은 ""가사모""로 하거라. 가짜총각을 사모하는 정신병자들 모임."
"이재명, 지지조직 ‘광장’ 출범…이낙연 ‘신복지’, 정세균 ‘국민시대’와 장외 대결",2021-05-12 16:46:00,2021-05-12 17:32:55,eui4****,이재명님은 한 때 구설수 위기시에... 내가 중앙일보서 적극 변론 변호해서 ㅋ 위기 극복했다. 그러나 서민 약자 위한 정책 아젠다가 급진적인듯 해 ? 계층간 호불호가 갈린다. 과감 혁신적 정책 공약 좋지만 기득권 부유층 세력은 경계심 가질수 도... 노무현 연상 ?
"이재명, 지지조직 ‘광장’ 출범…이낙연 ‘신복지’, 정세균 ‘국민시대’와 장외 대결",2021-05-12 16:46:00,2021-05-12 17:19:05,eui4****,"이낙연 님은 무미건조 두리뭉실 무색무취한 것 같다 ? 단, 말 실수 실언은 없다."
"이재명, 지지조직 ‘광장’ 출범…이낙연 ‘신복지’, 정세균 ‘국민시대’와 장외 대결",2021-05-12 16:46:00,2021-05-12 17:44:31,eui4****,이낙연 ? 하면 떠오르는 대표적 이미지 정책 차별화 시급 중요 ^^^
"이재명, 지지조직 ‘광장’ 출범…이낙연 ‘신복지’, 정세균 ‘국민시대’와 장외 대결",2021-05-12 16:46:00,2021-05-12 17:41:31,eui4****,인간적 친근함 개방적 호감형으로 이미지 개선 시급. 그리고 정책 어젠다 등 확실한 시대적 비전 제시로 국민 신뢰 호감 지지 받아야 ^^^
"이재명, 지지조직 ‘광장’ 출범…이낙연 ‘신복지’, 정세균 ‘국민시대’와 장외 대결",2021-05-12 16:46:00,2021-05-12 17:17:44,IN ****,국민 난봉꾼이자 패륜아를 대권주자로 내세우는 정당은 뭐냐? 거기다가 뇌물까지 왕창 쳐먹은놈을....
"이재명, 지지조직 ‘광장’ 출범…이낙연 ‘신복지’, 정세균 ‘국민시대’와 장외 대결",2021-05-12 16:46:00,2021-05-12 17:17:27,eui4****,부동산 경제 정책 성장 일자리 능력 면에서는... 정세균 님이 중용 온건 화합 잘 할것 같다 !
"이재명, 지지조직 ‘광장’ 출범…이낙연 ‘신복지’, 정세균 ‘국민시대’와 장외 대결",2021-05-12 16:46:00,2021-05-12 17:37:33,eui4****,"오랫동안 고향 선거구 벗어나 , 정치 일번지 서울 종로구서 출마해 서민 스킨십 부지런함으로 당선되는 친화력 저력 보여줬다. 늦게 출발 했지만 , 다크 호스로 급부상 할수도.. 스마일 서민형 친근함이 주무기 ^^^"
"이재명, 지지조직 ‘광장’ 출범…이낙연 ‘신복지’, 정세균 ‘국민시대’와 장외 대결",2021-05-12 16:46:00,2021-05-12 17:30:02,eui4****,""" 이미 권력은 시장 경제로 넘어갔다 "" 던 실사구시 DJ 김대중 연상 ?"
"이재명, 지지조직 ‘광장’ 출범…이낙연 ‘신복지’, 정세균 ‘국민시대’와 장외 대결",2021-05-12 16:46:00,2021-05-12 17:08:17,hima****,이름은 거창하네--또 뭉가 따라 역주행 가속 페달--나라 망한다
'친노' 정세균·이광재 노무현 12주기 즈음 대선 출정 깃발,2021-04-29 17:23:00,2021-04-29 18:44:41,dant****,관리자에 의해 삭제된 댓글입니다.
'친노' 정세균·이광재 노무현 12주기 즈음 대선 출정 깃발,2021-04-29 17:23:00,2021-04-29 18:21:16,낀****,시골출신들 싫다!
'친노' 정세균·이광재 노무현 12주기 즈음 대선 출정 깃발,2021-04-29 17:23:00,2021-04-29 18:19:24,bsks****,관리자에 의해 삭제된 댓글입니다.
'친노' 정세균·이광재 노무현 12주기 즈음 대선 출정 깃발,2021-04-29 17:23:00,2021-04-29 17:47:02,play****,난 노대통령 지지자는 아니었지만 그래도 그분은 강단과 사내다움은 있었다. 니들 내려오는거 안반가워 할거같은 생각이 드는데 나만 그런가 모르겠다.
"정세균 ""청년에 목돈"" 김두관 ""내 공약""···'기본자산' 원조 싸움",2021-05-06 05:00:00,2021-05-06 10:50:51,shic****,돈 뿌리기를 앞다투어 공약하는 좌파세력들을 청소합시다! 돈 버는 궁라는 없고 온통 세금을 뿌려 경졔를 거덜낼 것인가?
"정세균 ""청년에 목돈"" 김두관 ""내 공약""···'기본자산' 원조 싸움",2021-05-06 05:00:00,2021-05-06 10:21:50,stor****,뻥치시네... 허경영이 꺼지... 그냥 초빙해서 당대표 세워라.
"정세균 ""청년에 목돈"" 김두관 ""내 공약""···'기본자산' 원조 싸움",2021-05-06 05:00:00,2021-05-06 09:45:30,youn****,국민의 혈세로 주지 마라. 너희 돈으로 줘라. 대통령이 되면 국민혈세를 내 돈 처럼 낭비할 놈들이다.
"정세균 ""청년에 목돈"" 김두관 ""내 공약""···'기본자산' 원조 싸움",2021-05-06 05:00:00,2021-05-06 09:45:30,youn****,국민의 혈세로 주지 마라. 너희 돈으로 줘라. 대통령이 되면 국민혈세를 내 돈 처럼 낭비할 놈들이다.
"정세균 ""청년에 목돈"" 김두관 ""내 공약""···'기본자산' 원조 싸움",2021-05-06 05:00:00,2021-05-06 09:41:48,31ab****,"야, 이것들아. 니돈이냐? 나랏돈을 지돈이라 생각하는 모양. 너희들이 감히 대통령 자리를 넘본다 말이지? 꿈깨라. 어리석은 매국노들."
"정세균 ""청년에 목돈"" 김두관 ""내 공약""···'기본자산' 원조 싸움",2021-05-06 05:00:00,2021-05-06 09:28:29,dla8****,뭐든 싸움부터 붙여놓고 보는 기레기들. 언론자유는 민주주의 가장 큰 폐악이다
"정세균 ""청년에 목돈"" 김두관 ""내 공약""···'기본자산' 원조 싸움",2021-05-06 05:00:00,2021-05-06 09:31:38,tech****,ㅋㅋ ㅋㅋ ㅋㅋ/언론자유가 민주주의의 큰 폐악??? 할말이 없다/
"정세균 ""청년에 목돈"" 김두관 ""내 공약""···'기본자산' 원조 싸움",2021-05-06 05:00:00,2021-05-06 09:22:54,lee2****,그냥 청년들 1조만...
"정세균 ""청년에 목돈"" 김두관 ""내 공약""···'기본자산' 원조 싸움",2021-05-06 05:00:00,2021-05-06 09:15:28,jsjo****,세금 퍼주자는 XX들은 모두 재산 몰수하고 XX으로 보내야 한다!!!!
"정세균 ""청년에 목돈"" 김두관 ""내 공약""···'기본자산' 원조 싸움",2021-05-06 05:00:00,2021-05-06 09:11:35,tech****,그건 니네들 돈으로 줘라/국가 예산이 니네들 쌈지돈이냐/정신나간 자들
"정세균 ""청년에 목돈"" 김두관 ""내 공약""···'기본자산' 원조 싸움",2021-05-06 05:00:00,2021-05-06 09:09:19,bsks****,관리자에 의해 삭제된 댓글입니다.
"정세균 ""청년에 목돈"" 김두관 ""내 공약""···'기본자산' 원조 싸움",2021-05-06 05:00:00,2021-05-06 08:35:06,wer1****,그 돈 어차피 돈 찍어서 줄거 잖어 하이퍼 인플레이션이 불가능해 보이냐? 남조선화폐가 기축 통화도 아니고 미친거 아녀? 아파트 3조원 시대다. 열려는 거냐?
"정세균 ""청년에 목돈"" 김두관 ""내 공약""···'기본자산' 원조 싸움",2021-05-06 05:00:00,2021-05-06 08:35:03,prai****,"찔끔찔끔 쪼잔하게 하지 말고, 통크게 변화시켜라. 니 마음에 있는대로 전 기업체를 국유화하고, 사유재산은 몰수한 다음에, 식량 배급제를 실시한다고 해라. 모든 권한은 민주'당'이 행사한다고 해라. 자연스레 통일도 되버릴 듯.ㅋ"
"정세균 ""청년에 목돈"" 김두관 ""내 공약""···'기본자산' 원조 싸움",2021-05-06 05:00:00,2021-05-06 08:26:54,sam2****,정세균.이재명 개 같은쓰레기다. 나라가망할려고 이런쓰레기같은 놈들 때문이다..
"정세균 ""청년에 목돈"" 김두관 ""내 공약""···'기본자산' 원조 싸움",2021-05-06 05:00:00,2021-05-06 08:14:51,play****,이제부터 이재명의 진가가 드러나기 시작할거다. 형수랑 통화에서 처럼 순간의 감정 조절이나 인내부족이 이런 돌발적이고 즉흥적인 정책을 발표하게 할거고 대선 내내 이런거 변호하다가 화내고 폭발하고 끝날거다. 내생각으로 대선후보로서의 정책중 가장 중요한것은 연속성이다. 좌우 정권을 어울러 장시적인 정책이 될수있는얘기를 들었으면 좋겠다. 이대남이대녀 어째 해볼려구 이런소리나 해대지말구.
"정세균 ""청년에 목돈"" 김두관 ""내 공약""···'기본자산' 원조 싸움",2021-05-06 05:00:00,2021-05-06 07:49:45,hang****,야 니돈주냐? 무책임의 극치.
"정세균 ""청년에 목돈"" 김두관 ""내 공약""···'기본자산' 원조 싸움",2021-05-06 05:00:00,2021-05-06 07:49:31,dant****,관리자에 의해 삭제된 댓글입니다.
"정세균 ""청년에 목돈"" 김두관 ""내 공약""···'기본자산' 원조 싸움",2021-05-06 05:00:00,2021-05-06 07:47:26,dant****,관리자에 의해 삭제된 댓글입니다.
"정세균 ""청년에 목돈"" 김두관 ""내 공약""···'기본자산' 원조 싸움",2021-05-06 05:00:00,2021-05-06 07:45:01,hyje****,"이사이키들은 산업을 어떻게 키우겠다, 기술개발에 얼마 투자하겠다, 인재양성 어떻게 하겠다..이런건 전혀없고 오로지 돈 얼마쓰겠다 만있다. 나라말아먹는 좀비 똥 좌빠리들."
"정세균 ""청년에 목돈"" 김두관 ""내 공약""···'기본자산' 원조 싸움",2021-05-06 05:00:00,2021-05-06 07:36:24,lee2****,코로나에ㅡ복지에ㅡ 나라는 빛더미인데ㅡㅡㅡ 이걸 갚아야할ㅡ 미래세대들이 불쌍합니다 ㅡ미래네대 ᆢᆢ안되엇네요
“지도부가 룰만들고 일정 확정해야”…송영길에 경선연기 숙제 던진 정세균,2021-05-11 12:13:00,2021-05-11 13:57:43,이****,1억씩 퍼주면 재정 파탄낼 사람이다.
“지도부가 룰만들고 일정 확정해야”…송영길에 경선연기 숙제 던진 정세균,2021-05-11 12:13:00,2021-05-11 12:35:38,bsks****,정코르나님 깜이 됩니까.
"정세균 ""윤석열 좋은 검사일뿐…한국서 대통령 될수 있을까""",2021-04-28 05:00:00,2021-04-28 13:02:03,wwha****,누구를 대통령 될 수 있느니 없느니 하는 거 자체가 오만한 태도이다.
"정세균 ""윤석열 좋은 검사일뿐…한국서 대통령 될수 있을까""",2021-04-28 05:00:00,2021-04-28 11:10:24,sill****,정세균. 그렇게 좋은 검사라면서 왜 못 잡아먹어서 개-난리를 쳤냐? 니들이 미친 놈들 맞지?
"정세균 ""윤석열 좋은 검사일뿐…한국서 대통령 될수 있을까""",2021-04-28 05:00:00,2021-04-28 10:08:54,최고****,좌8만 제대로 타도할 수 있다면 그게 최고의 덕목이 될거다.
"정세균 ""윤석열 좋은 검사일뿐…한국서 대통령 될수 있을까""",2021-04-28 05:00:00,2021-04-28 09:58:27,윤****,그래서 그대보다는 잘할거라고 확신
"정세균 ""윤석열 좋은 검사일뿐…한국서 대통령 될수 있을까""",2021-04-28 05:00:00,2021-04-28 09:56:11,Phil****,"문빠보다 석열이가 훨씬낫다고 본다. 세균이는 네 일이나 신경쓰셔. 약삭빠른 문빠행세, 지겨워."
"정세균 ""윤석열 좋은 검사일뿐…한국서 대통령 될수 있을까""",2021-04-28 05:00:00,2021-04-28 09:53:34,youn****,거짓말 투성이 정치인은 괜찮고?
"정세균 ""윤석열 좋은 검사일뿐…한국서 대통령 될수 있을까""",2021-04-28 05:00:00,2021-04-28 09:39:02,????****,"문재인 투.문재인쓰리,계속해서 나오면,중공의속국,김정은 돼지손에.넘어간다.깨시민이.되어야합니다"
"정세균 ""윤석열 좋은 검사일뿐…한국서 대통령 될수 있을까""",2021-04-28 05:00:00,2021-04-28 09:35:12,sang****,"문재인이 바르고 좋은분? 그래서 소통이 안됐구나 바르게 사느라고. 양산에서도 오지말라고 하던데, 양산주민은 바른사람 싫어하는구나."
"정세균 ""윤석열 좋은 검사일뿐…한국서 대통령 될수 있을까""",2021-04-28 05:00:00,2021-04-28 09:05:59,jsfa****,"정세균이 보수의 심장이라는 대구에서 환대를 받는 것을 보면 지역주의는 광주,전라 말고는 거의 사라진 듯하다.. 광주, 전라인들이여~~ 보고 느끼는 바가 없는가???"
"정세균 ""윤석열 좋은 검사일뿐…한국서 대통령 될수 있을까""",2021-04-28 05:00:00,2021-04-28 08:56:54,조****,세균은 아주 싫다
"정세균, 러시아 백신 도입 두고 이재명에 맞짱 뜨는 이유",2021-04-24 10:00:00,2021-04-24 19:24:01,kx9k****,백신 총 사령관으로 있으면서 엉망으로 하다가 질문 받지 않으려 도망 갔다며? 지금 이라도 질문 받으면 안됄까? 대통령? 또 엉망진창 만들어 놓고 질문 무시하고 도망 가실 계획 이라면 꿈 깨셔.
"정세균, 러시아 백신 도입 두고 이재명에 맞짱 뜨는 이유",2021-04-24 10:00:00,2021-04-24 19:14:37,임****,믿음이 안갑니다 이름부터가 세균 대통령되면 세균이 창궐할듯
"정세균, 러시아 백신 도입 두고 이재명에 맞짱 뜨는 이유",2021-04-24 10:00:00,2021-04-24 18:55:54,uri3****,전쟁중에 지혼자살겠다고도망간장수.문씨와정세균은백신농단꾼.거짓말쟁이들!
"정세균, 러시아 백신 도입 두고 이재명에 맞짱 뜨는 이유",2021-04-24 10:00:00,2021-04-24 17:25:34,정****,도지사가 왜 말못하나 니꼬라지는 백신농단꾼 너 보다 오세훈 이재명이 한 수위다 개털같은 소리하고있네
"정세균, 러시아 백신 도입 두고 이재명에 맞짱 뜨는 이유",2021-04-24 10:00:00,2021-04-24 17:24:12,정****,백신으로 국민농단주역 문재인과 정세균
"정세균, 러시아 백신 도입 두고 이재명에 맞짱 뜨는 이유",2021-04-24 10:00:00,2021-04-24 16:53:34,dire****,그 많던 백신은 누가 다 먹었을까?
"정세균, 러시아 백신 도입 두고 이재명에 맞짱 뜨는 이유",2021-04-24 10:00:00,2021-04-24 16:51:08,?****,도지사가 왜 못하노 문재인이 김정은이가 아무말도 못하고 총리 월급이나 축낸 주제에 지적질은 꼴사납게 문재인이 이쁘하나 보네 큰소리 떵떵 치는거 보니 국무회의 무서버서 내뺀 주제에 내년 대선 민주당 참배할것이다 꿈깨
"정세균, 러시아 백신 도입 두고 이재명에 맞짱 뜨는 이유",2021-04-24 10:00:00,2021-04-24 15:37:41,hseo****,또 홍어? 다 내팽겨치고 족보에 올릴 거리찾아 나서네
"정세균, 러시아 백신 도입 두고 이재명에 맞짱 뜨는 이유",2021-04-24 10:00:00,2021-04-24 15:35:55,ly41****,세균아 청와대가 신 이냐 ? 진안 따불빽 아
"정세균, 러시아 백신 도입 두고 이재명에 맞짱 뜨는 이유",2021-04-24 10:00:00,2021-04-24 15:33:27,jkry****,러시아백신은 너무 이르다 도입하기엔 안전함을 알수 있는 데이터를 아직 제공 못받았다던데 그냥 현재 방역 시스템도 크게 문제없다고 본다 차분히 지켜보며 기다려야 주변 75세이상 백신접종은 무난하게 진행중
"정세균, 러시아 백신 도입 두고 이재명에 맞짱 뜨는 이유",2021-04-24 10:00:00,2021-04-24 15:32:37,즐거운 ****,정세균 이 너만 보면 토악질이 나온다. 지난 달인가? 국민의 힘 당 여성 의원의 백신 대정부 질문에 뭐 라고 답변했냐? 눈알에다 바짝 힘주면서 앙살맞은 답변 그걸 말이라고 해대놓고 이임식도 안한체 도망치듯 대선 출마??? 준비 핑게대고 총리직 팽개치고 가버린 당신 짓거리를 두고 국민들은 혀를 차며 원성하는 소리가 하늘에 닿았다. 대선 후보? 아니 어느 정신 바로 박힌 국민이 당신 같은 사람에게 표를 주겠나?
"정세균, 러시아 백신 도입 두고 이재명에 맞짱 뜨는 이유",2021-04-24 10:00:00,2021-04-24 15:17:20,bsks****,관리자에 의해 삭제된 댓글입니다.
"정세균, 러시아 백신 도입 두고 이재명에 맞짱 뜨는 이유",2021-04-24 10:00:00,2021-04-24 14:50:13,이****,세균아 니는 인물이 아냐 괜히 애쓰지 마라 벌어 놓은돈 까 먹을라
"정세균, 러시아 백신 도입 두고 이재명에 맞짱 뜨는 이유",2021-04-24 10:00:00,2021-04-24 13:15:01,vhdl****,왕초가 되고싶은가봐 그지 왕초
"정세균, 러시아 백신 도입 두고 이재명에 맞짱 뜨는 이유",2021-04-24 10:00:00,2021-04-24 13:02:15,bsks****,관리자에 의해 삭제된 댓글입니다.
"정세균, 러시아 백신 도입 두고 이재명에 맞짱 뜨는 이유",2021-04-24 10:00:00,2021-04-24 12:50:10,chun****,푸하하 백신에 대해서는 정총리 만큼 아는사람이 없다? 아하 세균 이라서군요
"정세균, 러시아 백신 도입 두고 이재명에 맞짱 뜨는 이유",2021-04-24 10:00:00,2021-04-24 12:49:23,dant****,관리자에 의해 삭제된 댓글입니다.
"정세균, 러시아 백신 도입 두고 이재명에 맞짱 뜨는 이유",2021-04-24 10:00:00,2021-04-24 12:45:46,mkk7****,오러지 못할 나무 처다보 지도 마세요. 백신도 제대로 확보 못하고 국회 출석 전에 사직한 주제에 어느누가 지지를 보내겠소. 그럴바엔 외 삼권분립을 파괴하며 국회의장까지 한 신분으로 총리를 했지요? 국민을.완전히 개x로 보쟌아요! 정신차려요!!! 부끄러워요
"정세균, 러시아 백신 도입 두고 이재명에 맞짱 뜨는 이유",2021-04-24 10:00:00,2021-04-24 11:58:29,esha****,"뜨고 싶냐? 공부 더해 내공을 쌓은 후 누가 깡패고, 누가 똘마니인지나 알고 와라! 늙은 아가야!"
"정세균, 러시아 백신 도입 두고 이재명에 맞짱 뜨는 이유",2021-04-24 10:00:00,2021-04-24 11:54:46,sshn****,정세규니는 재명이가 형수에게 욕지거리 하는 걸 들어 보아야 어떤 입인지 평가하고 기와집에 하는 이야기를 평가해야한다.
"송영길 바라보는 與대선주자들···이재명계 ""친문 장난 없을 듯""",2021-05-03 17:57:00,2021-05-04 03:16:23,cabl****,"송영길이 토착빨 갱이개 새 끼 이승만,박정희 자유경제부흥일군 훌륭한대선배들을 멸시모함 악한욕설한놈이 대선표얻으혀 해괘응큼한 쇼를 마다않는 정은놈을 위해 핵폭탄사용하여 님한을 무너뜨릴놈이니 빨리 암살해서 없애야할 한국제1의 공공의적이 송영길이다 문가리보다 훨씬더 간악하고 인권탄압으로 공산화를 할 붉은 히틀러놈이다.미국 의회 랜토스인권청문회에 이은 북한인권탄압에 앞장서 대북전단지처벌밥울 만든 송가놈을 미국행정부,의회는 유엔 인권탄압자로 국제형사범죄자로 유엔사법부에 기소하라."
"송영길 바라보는 與대선주자들···이재명계 ""친문 장난 없을 듯""",2021-05-03 17:57:00,2021-05-04 00:09:27,dbsz****,나는어제 영재발굴단에간 송영길 의원의 화려한 정치이력과 엄청난 두뇌의 명문가출인이라는 기사를보고 깜짝놀라 자빠졌습니다 시골농가에서 6남매중 4남매가 사법고시와 행정고시를 패스한 세계 어따내놔도 반짝반짝 빛나는 기록입니다 이처럼 화려한 정치이력과 기록적인 두뇌집단 출신 똑바르고 반듯한 송영길 선배검사의 애첩을 가로채서 결혼한 처가집의 듣듣한 뒷배가 되고있는 비리투성이윤석열과 온집안에 인간다운 사람하나없이 온통 패륜쌍욕쟁이 순상것들 집안 게다가 무상으로 공짜연애나 즐기는 치사빤스이재명은 송영길과 견줄바가 못된다 견줄바가 못됩니다
"송영길 바라보는 與대선주자들···이재명계 ""친문 장난 없을 듯""",2021-05-03 17:57:00,2021-05-03 19:51:56,cwyo****,송영길 스타일은 권력욕 물욕도 없다. 다만 따먹을 여자만 충분하면 된다...
"송영길 바라보는 與대선주자들···이재명계 ""친문 장난 없을 듯""",2021-05-03 17:57:00,2021-05-03 19:06:29,bsks****,관리자에 의해 삭제된 댓글입니다.
"송영길 바라보는 與대선주자들···이재명계 ""친문 장난 없을 듯""",2021-05-03 17:57:00,2021-05-03 18:35:40,김****,송영길~~~뼈속까지 좌파 니가 아무리 현충원가서 G 랄해도 누가밑겠냐 그동안 정은이한태 충성한것모냐
원조 친노 이광재 “일류 국민 서포트하겠다”…대선 출마 공식화,2021-05-11 16:36:00,2021-05-11 22:26:09,soft****,군대가기 싫어서 자기손가락을 자른놈이 대통령을 하겠다고? 군복무한 대한민국 남자들의 피가 꿇는다!
원조 친노 이광재 “일류 국민 서포트하겠다”…대선 출마 공식화,2021-05-11 16:36:00,2021-05-11 17:38:48,khj4****,세종대왕이 손가락 잘랐다더냐? 뇌물 먹었다더냐?
원조 친노 이광재 “일류 국민 서포트하겠다”…대선 출마 공식화,2021-05-11 16:36:00,2021-05-11 17:19:25,hseo****,세종대왕은 뇌물은 안먹지..퉤
원조 친노 이광재 “일류 국민 서포트하겠다”…대선 출마 공식화,2021-05-11 16:36:00,2021-05-11 17:10:52,doos****,같짢다. 동네 견들이 여기저기서 짖어대는구나
원조 친노 이광재 “일류 국민 서포트하겠다”…대선 출마 공식화,2021-05-11 16:36:00,2021-05-11 17:10:17,sjk1****,이 넘 전에 뭔 사건에 마니 휘말렸든 친구 아닌감 어떻게 살아 나왔 남?
원조 친노 이광재 “일류 국민 서포트하겠다”…대선 출마 공식화,2021-05-11 16:36:00,2021-05-11 16:53:09,hanh****,군대가기 싫어 손가락자른 골수데모꾼새ㅟ가 대선출마라니.. 나라꼬라지가 정말 개판이다.... 노무현 문재인이 태종 니가 세종.. G.랄도 가지가지하고 자빠졌다... 정말
"대선 가상 양자대결, 윤석열 40.2%·이재명 37.4%[한길리서치]",2021-05-12 17:09:00,2021-05-12 23:04:38,jm11****,윤석열은 정치경험이 전무해서 본격적으로 대선에 뛰어드는 시기부터 탈탈 털릴것이다~ 그때야 조국의 심정을 알게될 것이고.... 이재명은 패륜 및 스캔들을 어찌 극복하냐가 관건인데... 예태까지 잘 빠져나갔으니 잘 극복할 것으로 보인다
"대선 가상 양자대결, 윤석열 40.2%·이재명 37.4%[한길리서치]",2021-05-12 17:09:00,2021-05-12 22:19:21,esyz****,저늠한테 나라 맡겼다간 베네수웰라되는건시간문제다 나라까지팔아먹을늠이다
"대선 가상 양자대결, 윤석열 40.2%·이재명 37.4%[한길리서치]",2021-05-12 17:09:00,2021-05-12 21:38:43,sons****,이 게임은 3차 대전이 안일어나는 한 윤총장 완승이다 사실상 게임 끝났다 아직 자기의견도 안낸사람이 저정도면 더이상 뭘 말해야하나 그만큼 뭉가에 대해 환멸을 느낀 백성이 만타는거다 재명이 저 양아치 나오면 땡큐지 절데 윤 못이긴다
"대선 가상 양자대결, 윤석열 40.2%·이재명 37.4%[한길리서치]",2021-05-12 17:09:00,2021-05-12 19:48:44,ssbk****,"재명이는 민주당 간판으로 출사표를 던지기도 어렵겠지만, 오뉴월 여자의 한 서리 않맞으려면 그 이전에 ""부선""이 부터 부릎꿇고 살살빌어 달래줘야 한다."
"대선 가상 양자대결, 윤석열 40.2%·이재명 37.4%[한길리서치]",2021-05-12 17:09:00,2021-05-12 18:25:58,한경수(****,"도대체 아직 정책도 이념도 밝힌적 없는 윤석렬에 열광하는 머리빈 인간들은 뭐냐? 막상 링에 오르면 무참하게 깨질지도 모르는데,단순히 문통 말을 안 들었다는 한가지 사실만으로 대한민국 대통령감? 문통에 반대하면 전부 대통령감이냐? 어리석은 중생들..."
"대선 가상 양자대결, 윤석열 40.2%·이재명 37.4%[한길리서치]",2021-05-12 17:09:00,2021-05-15 06:17:47,임****,똥인지 된장인지 찍어거 먹어 봐야 맛을아는 얼라?
"대선 가상 양자대결, 윤석열 40.2%·이재명 37.4%[한길리서치]",2021-05-12 17:09:00,2021-05-12 17:51:14,31ab****,당연히 윤석렬을 찍지 어떤 골빈 미친 잉간들이 패륜아를 찍겠는가? 누가 나라 말아먹을 잉간을 찍겠는가? 누가 조잔한 잉간을 찍겠는가? 오날날 이렇게 당하고도 성추행당 무리에게 표를 준단 말이가? 씰데없이 헛조사하고 날이야.
"대선 가상 양자대결, 윤석열 40.2%·이재명 37.4%[한길리서치]",2021-05-12 17:09:00,2021-05-12 17:46:33,ibki****,양자 대결같은 소릴하고 자빠졌네! 병X같은 놈들 실전에 뛰기도 전에 꺼꾸러지는걸 꼭 봐야 느끼는 족속들 요즈음 요런 기사에 푹빠져 시간가는줄도 모르겠지 여하튼 쓰레기들 살판났네
"대선 가상 양자대결, 윤석열 40.2%·이재명 37.4%[한길리서치]",2021-05-12 17:09:00,2021-05-12 17:39:37,eg65****,실제 투표하면 격차는 20%이상 날거다
"대선 가상 양자대결, 윤석열 40.2%·이재명 37.4%[한길리서치]",2021-05-12 17:09:00,2021-05-12 22:17:43,8383****,김부선 하고 이재명 대결하면 누가 승리할까 부선씨 이재명 양아치 물건은 부패 하고 냄새나고 힘도없고
"대선 경선연기론 꺼낸 김두관···""방해하나"" 이재명 측 격앙",2021-05-06 18:28:00,2021-05-07 15:29:15,김****,당헌 즉 당의 헌법인데 참 개탄스럽네요
"대선 경선연기론 꺼낸 김두관···""방해하나"" 이재명 측 격앙",2021-05-06 18:28:00,2021-05-07 15:27:21,김****,더불어민주당 은 왜 당헌을 만드나? 안지킬려고 웃기는 당이네 지키지 않을 당헌을 왜 만들고 맨날 바꾸고 서울시장 부산시장 참패도 그냥 지나가나! 무슨 도덕적 우위에 있다는 건지
"대선 경선연기론 꺼낸 김두관···""방해하나"" 이재명 측 격앙",2021-05-06 18:28:00,2021-05-07 11:52:32,Tom ****,자넨이장이딱어울려
"대선 경선연기론 꺼낸 김두관···""방해하나"" 이재명 측 격앙",2021-05-06 18:28:00,2021-05-07 05:32:55,오****,자기들에게 불리한 당헌은 맘대로 바꾸겠다면 이놈들에게 당헌은 왜 있는지 모르겠다. 그럼 당헌 만들 때 그런 고려도 안하고 만들었나? 너무나 상식적인 문제까지 자기들 맘대로 주무를 수 있다는 그 비상식적 발상을 가진 정당이 거대여당이 되고 국회의원을 하고 대통령을 하니 나라가 이 꼴이 나는게 어쩌면 당연하다 싶다.
"대선 경선연기론 꺼낸 김두관···""방해하나"" 이재명 측 격앙",2021-05-06 18:28:00,2021-05-07 05:17:38,Joy ****,관리자에 의해 삭제된 댓글입니다.
"대선 경선연기론 꺼낸 김두관···""방해하나"" 이재명 측 격앙",2021-05-06 18:28:00,2021-05-06 21:48:34,bsks****,관리자에 의해 삭제된 댓글입니다.
"대선 경선연기론 꺼낸 김두관···""방해하나"" 이재명 측 격앙",2021-05-06 18:28:00,2021-05-06 20:52:17,sing****,"능력이 안 되면, 세금도둑 되지 말고 꺼져라!"
"대선 경선연기론 꺼낸 김두관···""방해하나"" 이재명 측 격앙",2021-05-06 18:28:00,2021-05-06 19:52:22,sshn****,재집귄이 아니고 재 재 재 ... 집권이다. 개차니가 20년 50년...집권한다 했자나.
"대선 경선연기론 꺼낸 김두관···""방해하나"" 이재명 측 격앙",2021-05-06 18:28:00,2021-05-06 19:35:02,magi****,잘한다. 훨훨 불타라.
"대선 경선연기론 꺼낸 김두관···""방해하나"" 이재명 측 격앙",2021-05-06 18:28:00,2021-05-06 19:29:51,31ab****,놀구있네 성추행당에 쓸만한 인물이 1도 있나? 느네끼리 치고박고 해라. 우리는 착실히 정권교체로 간다.
"대선 경선연기론 꺼낸 김두관···""방해하나"" 이재명 측 격앙",2021-05-06 18:28:00,2021-05-06 19:21:02,hana****,"경희대 나온 놈이 대통령 하길래 나라 망하나 했더니, 이젠 아예 국졸과 전문대 출신이 싸우네...이러다 그 다음에는 문맹자와 지진아가 나오는 거 아닌가...?"
"대선 경선연기론 꺼낸 김두관···""방해하나"" 이재명 측 격앙",2021-05-06 18:28:00,2021-05-06 21:15:13,Sun ****,이런 사람이 대한민국 국민이라니.. 부끄럽다. 미국의 가장 위대한 대통령 링컨윽 학벌 조사해보시라
"대선 경선연기론 꺼낸 김두관···""방해하나"" 이재명 측 격앙",2021-05-06 18:28:00,2021-05-06 19:55:17,sshn****,"전문대 포기하면 재명이가 천만워, .."
"대선 경선연기론 꺼낸 김두관···""방해하나"" 이재명 측 격앙",2021-05-06 18:28:00,2021-05-06 19:14:23,hseo****,대가리 터지게 싸워라...ㅋㅋ
"대선 경선연기론 꺼낸 김두관···""방해하나"" 이재명 측 격앙",2021-05-06 18:28:00,2021-05-06 19:08:48,King****,두고 봐...이재명이 탈당한다...
"대선 경선연기론 꺼낸 김두관···""방해하나"" 이재명 측 격앙",2021-05-06 18:28:00,2021-05-06 18:55:39,jjod****,"김痘관 저 물건 대권에 군침을 흘린다는 자체가 김痘관이 바로 등신이라는 증거이다. 어디 탐낼 걸 탐내야지, 제깐 놈이 감히 대권을 꿈꾸다니 !"
"대선 경선연기론 꺼낸 김두관···""방해하나"" 이재명 측 격앙",2021-05-06 18:28:00,2021-05-06 20:24:26,cwyo****,이재명 김두관의 개싸움을 응원한다. 선진 시민들은 강간좌파 민주당의 자중지란을 지지한다...
"대선 경선연기론 꺼낸 김두관···""방해하나"" 이재명 측 격앙",2021-05-06 18:28:00,2021-05-06 18:46:18,dxge****,기사를 읽어 보고 내린 결론 ㅋ 이기사 쓴 기자는 오래된 기사 자료 찿아가며 ㅋ 끼워 맟추기 가사 ㅋ 민주당 내부분열 노리고 흔들려는 의도가 확실히 보이네 ㅋ 1.56.154.12
"대선 경선연기론 꺼낸 김두관···""방해하나"" 이재명 측 격앙",2021-05-06 18:28:00,2021-05-06 18:35:23,전****,이런 따위들...............흘러간 개노빠와 달창............... 기사화 하지 마라!
정세균도 만났다…與 유력자들 줄줄이 김경수 찾아간 이유,2021-04-25 19:15:00,2021-04-26 13:37:45,ssfc****,경수야 드르킹을 부탁해~??
정세균도 만났다…與 유력자들 줄줄이 김경수 찾아간 이유,2021-04-25 19:15:00,2021-04-26 10:04:00,suna****,바둑이를 친문 대선후보로 만들어보려고? 잰 이미 정치생명 끝난거 아니냐?
정세균도 만났다…與 유력자들 줄줄이 김경수 찾아간 이유,2021-04-25 19:15:00,2021-04-26 08:31:31,lee2****,바둑이가 문씨 정부의 최서원(순실)누나???
정세균도 만났다…與 유력자들 줄줄이 김경수 찾아간 이유,2021-04-25 19:15:00,2021-04-26 08:31:22,ys12****,드루킹 앞에서 키재기 하고 있네!
정세균도 만났다…與 유력자들 줄줄이 김경수 찾아간 이유,2021-04-25 19:15:00,2021-04-26 08:19:42,haep****,김경수? 이미 썩은 동앗줄이 된지 오래다.기다리는 곳은 동부구치소!
정세균도 만났다…與 유력자들 줄줄이 김경수 찾아간 이유,2021-04-25 19:15:00,2021-04-26 08:02:43,남박****,두루킹부탁하러
정세균도 만났다…與 유력자들 줄줄이 김경수 찾아간 이유,2021-04-25 19:15:00,2021-04-26 07:35:14,hbjn****,코로나 전쟁에선 도망가시더니 이게 머선 일이가
정세균도 만났다…與 유력자들 줄줄이 김경수 찾아간 이유,2021-04-25 19:15:00,2021-04-26 07:11:26,nogi****,한심한 인간들의 작태아닌가! 놈ㅎᆢ
정세균도 만났다…與 유력자들 줄줄이 김경수 찾아간 이유,2021-04-25 19:15:00,2021-04-26 07:04:40,mkk7****,"김경수, 이사기꾼, 거짓말쟁이를 찿아가? 그는 개자석 위선자!"
정세균도 만났다…與 유력자들 줄줄이 김경수 찾아간 이유,2021-04-25 19:15:00,2021-04-26 06:48:43,조****,정세균도 줄을 서? 에라 이!
정세균도 만났다…與 유력자들 줄줄이 김경수 찾아간 이유,2021-04-25 19:15:00,2021-04-26 06:45:29,서****,경수가 살인자의 손인가????독초중에 독초이구나'''
정세균도 만났다…與 유력자들 줄줄이 김경수 찾아간 이유,2021-04-25 19:15:00,2021-04-26 00:49:32,rawm****,쓰레기더미에서는 사람이 먹을수 없는 독초만 자란다. 사람이 독초를 먹으면 병에 걸리거나 죽게 된다. 쓰레기더미는 이승만 박정희가 남긴 유산이고 독초는 문재인일당이다.
정세균도 만났다…與 유력자들 줄줄이 김경수 찾아간 이유,2021-04-25 19:15:00,2021-04-26 00:16:52,alut****,개들의쇼가정말눈물겹도다 느그들조상 묘에는언젯적에다녀왔는지기역이나허냐?개글뤠들
정세균도 만났다…與 유력자들 줄줄이 김경수 찾아간 이유,2021-04-25 19:15:00,2021-04-25 23:41:25,Hong****,세균씨 담엔 경남지사 해볼랑가?
정세균도 만났다…與 유력자들 줄줄이 김경수 찾아간 이유,2021-04-25 19:15:00,2021-04-25 23:26:49,newb****,뭐 이따위 기사가다있노 .
정세균도 만났다…與 유력자들 줄줄이 김경수 찾아간 이유,2021-04-25 19:15:00,2021-04-25 23:16:42,cres****,뭐 하는 집단인가? 썪은고기 찾아 헤매는 하이애나족속들인가?
정세균도 만났다…與 유력자들 줄줄이 김경수 찾아간 이유,2021-04-25 19:15:00,2021-04-25 23:05:00,zizi****,김경수 뒤에 김정숙 있다. 김ㅆ대깨문도 데리고 있지
정세균도 만났다…與 유력자들 줄줄이 김경수 찾아간 이유,2021-04-25 19:15:00,2021-04-25 22:47:17,lee2****,김경수는ㅡ범죄저질러 유죄받고 재판중인자~~ 잠시후 감옥갈분ㅡ 그런애를 찾다니 웃기네요
정세균도 만났다…與 유력자들 줄줄이 김경수 찾아간 이유,2021-04-25 19:15:00,2021-04-26 00:19:25,alut****,깜빵가문면회제한이쓰응께로미리감치가능겨
정세균도 만났다…與 유력자들 줄줄이 김경수 찾아간 이유,2021-04-25 19:15:00,2021-04-25 22:27:11,장****,여론조작의 달인을 만나서 무슨 작당을 하고 있는지 국민들은 그것이 알고 싶다
정세균 “11월 집단면역 가능하다 확신…수급 우려 안해도”,2021-04-20 01:54:00,2021-04-20 13:11:06,ly41****,니까짓게 뭔데. 거짓말 시키지 마라. 이 것도 쩝쩝이 닮었나.
정세균 “11월 집단면역 가능하다 확신…수급 우려 안해도”,2021-04-20 01:54:00,2021-04-20 11:35:05,rebo****,넌 이제총리도 아니잖아.. 샤랍
정세균 “11월 집단면역 가능하다 확신…수급 우려 안해도”,2021-04-20 01:54:00,2021-04-20 11:12:58,Anto****,우기면 지금당장은 어떻게 되겠지만.. 11월이되어서 그때도 상황이 영아니면 바로 몇달후가 대선인데 어쩌실려고? 그런생각.. 해보고 발언하시나? 🤔
정세균 “11월 집단면역 가능하다 확신…수급 우려 안해도”,2021-04-20 01:54:00,2021-04-20 10:56:47,Paul****,사실은 모르고 추측만 하는 주먹구구 정치인..이런사람 정치하면 언되지 .
정세균 “11월 집단면역 가능하다 확신…수급 우려 안해도”,2021-04-20 01:54:00,2021-04-20 10:13:05,김****,어휴11월달이 오긴오냐...무능하긴 제발 조기에 마스크좀 벗고 다니자 갑갑하다
정세균 “11월 집단면역 가능하다 확신…수급 우려 안해도”,2021-04-20 01:54:00,2021-04-20 09:38:20,lee2****,또 구라를 2100년 11월에...
정세균 “11월 집단면역 가능하다 확신…수급 우려 안해도”,2021-04-20 01:54:00,2021-04-20 09:05:09,dant****,관리자에 의해 삭제된 댓글입니다.
정세균 “11월 집단면역 가능하다 확신…수급 우려 안해도”,2021-04-20 01:54:00,2021-04-20 08:50:11,권****,K 방역 따위로 국민을 개고생시킨 책임자로 문재인과 함께 석고대죄나 해라
정세균 “11월 집단면역 가능하다 확신…수급 우려 안해도”,2021-04-20 01:54:00,2021-04-20 08:07:13,jhk1****,말로만 하지 말고 제발 근거를 가지고 와라.
정세균 “11월 집단면역 가능하다 확신…수급 우려 안해도”,2021-04-20 01:54:00,2021-04-20 08:01:08,sshn****,믿을만하던 세규니가 허경영급 구라가 세어젔네...
권투영상 도발까지…이재명 vs 정세균 아슬아슬 방역설전,2021-04-29 11:21:00,2021-04-29 14:34:22,aho9****,국민에 K백신 고통을 준 정세균이 대통령을 꿈꾸나??참 뻔뻔하다 정동영 짝날거다
권투영상 도발까지…이재명 vs 정세균 아슬아슬 방역설전,2021-04-29 11:21:00,2021-04-29 11:59:51,kich****,세균이는 착각을 하고 대권도전 그냥 사라졌으면 국무총리 했던사람 기억하지 무슨 대권 도전 백신지가 무슨 백신 을 확보나했나 웃기는 헛소리 아 난 개인적으로 러시아백신 부작용 적고 효능 높아 맞고싶어 세균이는 아스트라 제네카 맞어라
권투영상 도발까지…이재명 vs 정세균 아슬아슬 방역설전,2021-04-29 11:21:00,2021-04-29 11:42:56,Kill****,주둥이만 살아있는 세균과 폐륜아의 대결? 이따위걸 국민들이 알아야하냐? 쓰레기 처리장에 가면 많이 있다
"‘소신 발언’ 박용진, 與 첫 대선 출마 선언…“뻔한 인물로는 뻔한 패배뿐”",2021-05-09 15:40:00,2021-05-10 05:05:15,bsks****,까불고있네. 이넘아 니가 나온들 뭔 뾰족한 수가 있냐?
"‘소신 발언’ 박용진, 與 첫 대선 출마 선언…“뻔한 인물로는 뻔한 패배뿐”",2021-05-09 15:40:00,2021-05-10 04:55:16,Paul****,촐랑대지마라.
"‘소신 발언’ 박용진, 與 첫 대선 출마 선언…“뻔한 인물로는 뻔한 패배뿐”",2021-05-09 15:40:00,2021-05-10 04:34:24,아르****,간신의 대명사ㆍ 정의로운척 ㆍ소신있는척하는 내시ㆍ 밉상
"‘소신 발언’ 박용진, 與 첫 대선 출마 선언…“뻔한 인물로는 뻔한 패배뿐”",2021-05-09 15:40:00,2021-05-09 20:22:00,Jang****,뻔한 놈이 뻔한 소리하고 자빠졌네.
"‘소신 발언’ 박용진, 與 첫 대선 출마 선언…“뻔한 인물로는 뻔한 패배뿐”",2021-05-09 15:40:00,2021-05-09 18:21:06,jm11****,흥행을 위해서 및 본인의 인지도를 높이는 전략 같은데.. 잘 협조해서 정권재창출을 이루어 주시오~~
"‘소신 발언’ 박용진, 與 첫 대선 출마 선언…“뻔한 인물로는 뻔한 패배뿐”",2021-05-09 15:40:00,2021-05-09 17:13:03,mkk7****,끝까지 가세요! 문빠들 눈치 보오지마세요!
"‘소신 발언’ 박용진, 與 첫 대선 출마 선언…“뻔한 인물로는 뻔한 패배뿐”",2021-05-09 15:40:00,2021-05-09 16:50:33,hbjn****,대선이 무슨 열라 운동만하는 총학생회장 선거인줄 아는듯
"‘소신 발언’ 박용진, 與 첫 대선 출마 선언…“뻔한 인물로는 뻔한 패배뿐”",2021-05-09 15:40:00,2021-05-09 16:48:00,bsks****,또나 개나 막나와라. 깜은 두째치고 모지리들 뭐하노 남구기 용미니 나온나
"‘소신 발언’ 박용진, 與 첫 대선 출마 선언…“뻔한 인물로는 뻔한 패배뿐”",2021-05-09 15:40:00,2021-05-09 15:44:25,낀****,문재인민주당애들은 뭘해도 싫다. 이미 한국을 망쳐놓고 어딜 나대고 까불겠다는 거냐!! 꺼져!!
"진중권 ""이낙연 멍청, 정세균 노매력…결국 이재명으로 간다""",2021-04-29 14:47:00,2021-04-30 12:24:25,jkry****,언급한 사람들 모두 진중권 본인 보단 훨씬 낫다고 본다
"진중권 ""이낙연 멍청, 정세균 노매력…결국 이재명으로 간다""",2021-04-29 14:47:00,2021-04-30 12:28:43,jkry****,ㅋㅋㅋ본인은 교주역할 안 한다고 보나??? 진짜 멍청하다 얕은 앎의 표본이라더니
"진중권 ""이낙연 멍청, 정세균 노매력…결국 이재명으로 간다""",2021-04-29 14:47:00,2021-04-30 12:26:17,jkry****,어떻게 상대방에게 멍청하다고 할수 있지?? 워딩을 보면 정말 일부 저질 댓글러 수준밖에 안된다 진짜 멍청하다고 해야하나
"진중권 ""이낙연 멍청, 정세균 노매력…결국 이재명으로 간다""",2021-04-29 14:47:00,2021-04-30 11:36:45,hang****,결국 망할수밖에 없다는 건데 잘본것 같다. 역사에 사필귀정이란 말이 있다.
"진중권 ""이낙연 멍청, 정세균 노매력…결국 이재명으로 간다""",2021-04-29 14:47:00,2021-04-30 10:20:32,?****,폐륜의 진또깡이....네넘의 대학교 12년 선배에게 하는 수작이냐? 그러니 그노무 학교가 아래 위도 없는 게에판이라는것 아닌가
"진중권 ""이낙연 멍청, 정세균 노매력…결국 이재명으로 간다""",2021-04-29 14:47:00,2021-04-30 11:56:03,choi****,미치겠지 이놈아?
"진중권 ""이낙연 멍청, 정세균 노매력…결국 이재명으로 간다""",2021-04-29 14:47:00,2021-04-30 09:17:23,?****,멍청 이낙연 노매력 정세균 마음에 드는 문구네 문재인보다 더 못난 인간들이 대선에 나오겠다는데 우낀다 문재인 말아먹은 나라 두 멍청이가 뽀개버릴 대한민국 앞날이 참으로 걱정스럽다
"진중권 ""이낙연 멍청, 정세균 노매력…결국 이재명으로 간다""",2021-04-29 14:47:00,2021-04-30 07:26:41,jame****,중권아 넌.. 수구꼴통들의 똥개
"진중권 ""이낙연 멍청, 정세균 노매력…결국 이재명으로 간다""",2021-04-29 14:47:00,2021-04-30 11:58:03,choi****,네놈은 김어준이 똘마니!!!
"진중권 ""이낙연 멍청, 정세균 노매력…결국 이재명으로 간다""",2021-04-29 14:47:00,2021-04-29 22:31:48,Jesk****,역시 촌철살인의 대가답게 콕 집어서 논평해 주셔서 통쾌 상쾌를 느꼈습니다 진중권 교수님 파이팅!
"진중권 ""이낙연 멍청, 정세균 노매력…결국 이재명으로 간다""",2021-04-29 14:47:00,2021-04-29 22:24:54,Mart****,ㅉㅉ 매일 이런 남 비판하는 일로 먹고 사나? 제 등에 묻은 건 못보면서..
"진중권 ""이낙연 멍청, 정세균 노매력…결국 이재명으로 간다""",2021-04-29 14:47:00,2021-04-29 21:38:06,moon****,"재명아! 이쯤되면 난방열사 부선이 해결해라! 돈으로든 첩으로든..... 천성이 거짓말 못하고 떠벌이길 좋아하는 품성을 갖는 사람이 이 세상에는 겁나 많은 사람이 있다는 것도 알아야지 별종 취급하니까 이런 사단이 나는 거야. 암튼, 정권 바뀌어도 결국은 터트릴 여자 잖아? 그 때는 골로가고, 남자는 3뿌리 조심하라 옛 선인들이 얘기했다지 아마?"
"진중권 ""이낙연 멍청, 정세균 노매력…결국 이재명으로 간다""",2021-04-29 14:47:00,2021-04-29 21:23:05,sing****,삼척동자도 다 알고 있는 분석이다.
"진중권 ""이낙연 멍청, 정세균 노매력…결국 이재명으로 간다""",2021-04-29 14:47:00,2021-04-29 19:47:54,jhle****,ㅎㅎㅎ 재명이향도 넘의여자....
"진중권 ""이낙연 멍청, 정세균 노매력…결국 이재명으로 간다""",2021-04-29 14:47:00,2021-04-29 19:09:02,jg51****,"결국 대깨문들은 망했고, 회생가능성도 없이 몰락만 있을뿐이다. 특히 해골찬,김어준떠준이 있는한 희망은 없다."
"진중권 ""이낙연 멍청, 정세균 노매력…결국 이재명으로 간다""",2021-04-29 14:47:00,2021-04-29 18:33:37,kwfb****,아우 성남괴 죄명이와 더드머괴 홍어 🐕 털 윤총장 뽑아던지구랴.. 잉 역겨운 문죄아 틀따스퀴 괴뢰므다.. 잉 그치 홍어 괴뢰더라?
"진중권 ""이낙연 멍청, 정세균 노매력…결국 이재명으로 간다""",2021-04-29 14:47:00,2021-04-29 17:52:37,mkop****,맞는말 뚜껑당 黨父 로 모셔라
"진중권 ""이낙연 멍청, 정세균 노매력…결국 이재명으로 간다""",2021-04-29 14:47:00,2021-04-29 17:34:55,김****,진또깡 놈의 대갈이에 지식은 없고 찌라시들의 잡설만이 가득 차 있다. 기레기들의 그 개.雜설을 버무려 놈이 개발한 양념을 뿌려서 여러 찌라시에 팔아 먹는 것이다. 槪雜說에 열광하는 우익 홍위병들이 진또깡을 숭배하는 독자들이 되는 것이다.
"진중권 ""이낙연 멍청, 정세균 노매력…결국 이재명으로 간다""",2021-04-29 14:47:00,2021-04-29 17:28:32,play****,진교수는 전체적인 메세지의 흐름은 맞다쳐도 사람의 가벼움이 계속 문제다. 민주당이 싫어도 총리까지했던 연장자에게 멍청이란 표현을 마치 준비해온듯 쓰면 그만큼 스스로의 무게감만 떨어진다. 진교수정도의 안목은 수도없이 많다. 남보다 예리한 필력을 가졌고 미디어를 통한 의견전달의 기회를 가졌으면 좀 진중한 자세를 가졌으면 한다. 가벼운입은 맞아도 틀리고 틀려도 틀리다.
반환점 돈 민주당 5·2 전대…문파 향배에 대선 전략도 바뀐다,2021-04-27 10:00:00,2021-04-27 12:10:01,song****,똥물에서 똥뭉치 건져냈다 해서 똥이 아니랴!
반환점 돈 민주당 5·2 전대…문파 향배에 대선 전략도 바뀐다,2021-04-27 10:00:00,2021-04-27 11:26:34,Kyu ****,여당? 공산사회주의 추종자들의 자 아 겁 사기꾼단체 !!!
반환점 돈 민주당 5·2 전대…문파 향배에 대선 전략도 바뀐다,2021-04-27 10:00:00,2021-04-27 11:16:14,ssbk****,계파가 없다는 말은 결국 문재인계의 계파(문빠)가 있다는 역설임은 삼척동자도 다안다.
반환점 돈 민주당 5·2 전대…문파 향배에 대선 전략도 바뀐다,2021-04-27 10:00:00,2021-04-27 10:51:08,gold****,조중동은 남의 당 걱정 말고 니네당이나 잘 좀 챙기지? 니들이 잘 챙겨서 꼬라지가 저 꼬라지냐?
"교수들까지 ""양승조 대선출마하라""…정의당 ""낯뜨겁다"" 비난",2021-05-04 05:00:00,2021-05-05 10:10:40,kokl****,"양승조 후보같은분은 없다ㆍ1,여비서와 관계 절대깨끗 하고ㆍ2, 사회적으로도 성추행 성희롱 전혀없고 3, 여비서 보기를 돌과같이 보고 4, 형수나 제수씨 한태 한번도 쌍욕한적없고ㆍ5, 도덕적으로도 께끗한 이런분은 민주당에서는 절대 둘도없다 ᆢ양승조 지사님 추대합니다ㆍ"
"교수들까지 ""양승조 대선출마하라""…정의당 ""낯뜨겁다"" 비난",2021-05-04 05:00:00,2021-05-04 16:36:15,끼****,양승조가 대선 능력이나 있어? 천안시장 정도가 적격이지 무조건 지방단체장했다고 대통령후보? 어림 없지.
"교수들까지 ""양승조 대선출마하라""…정의당 ""낯뜨겁다"" 비난",2021-05-04 05:00:00,2021-05-04 13:49:01,sams****,자신의 지역구만 키우기 바쁘시고 충남 전지역을 아우르지 못하시는 분이 전 국민을 아우르고 발전 시킬 수 있을지...?
"교수들까지 ""양승조 대선출마하라""…정의당 ""낯뜨겁다"" 비난",2021-05-04 05:00:00,2021-05-04 12:55:33,vhdl****,양승조가 누구여 만진당에 이젠 인물이 없으니 게 나 고동이나 다나오네
"교수들까지 ""양승조 대선출마하라""…정의당 ""낯뜨겁다"" 비난",2021-05-04 05:00:00,2021-05-04 12:36:22,j2ok****,교수라고 다 교수가 아니다.
"교수들까지 ""양승조 대선출마하라""…정의당 ""낯뜨겁다"" 비난",2021-05-04 05:00:00,2021-05-04 12:02:32,push****,국민 세금 처 먹으면서 저런 것이 가당하냐.
"교수들까지 ""양승조 대선출마하라""…정의당 ""낯뜨겁다"" 비난",2021-05-04 05:00:00,2021-05-04 11:53:54,유****,5.16 주역으로 궁정동 시해까지 박통 조카사위 핫바지도 정치는 허업이라고 했다. 내세울 거라고는 사시합격에 사선 도지사라. 시방 뭐한대유 ~~일없슈~~ 그냥 도시사나 꽉 잡고 계셔유~~~
"교수들까지 ""양승조 대선출마하라""…정의당 ""낯뜨겁다"" 비난",2021-05-04 05:00:00,2021-05-04 11:36:46,hang****,사람은 좋은데....
"교수들까지 ""양승조 대선출마하라""…정의당 ""낯뜨겁다"" 비난",2021-05-04 05:00:00,2021-05-04 11:29:23,EIo?****,그런거 할 시간이 있으면 공부해서 학생들 잘 가르킬 준비나해라....
"교수들까지 ""양승조 대선출마하라""…정의당 ""낯뜨겁다"" 비난",2021-05-04 05:00:00,2021-05-04 11:10:13,ssbk****,"누가뭐라해도 이름 띄우기위한 ""짜고치는 고스톱""에 불과하다."
"교수들까지 ""양승조 대선출마하라""…정의당 ""낯뜨겁다"" 비난",2021-05-04 05:00:00,2021-05-04 11:09:39,Paul****,헐...껄껄.
"교수들까지 ""양승조 대선출마하라""…정의당 ""낯뜨겁다"" 비난",2021-05-04 05:00:00,2021-05-04 10:55:17,stor****,관리자에 의해 삭제된 댓글입니다.
"교수들까지 ""양승조 대선출마하라""…정의당 ""낯뜨겁다"" 비난",2021-05-04 05:00:00,2021-05-04 10:53:18,cand****,웃기는 인물이 나오려나? 뭔 대선출마니! 충남 동네에서만 놀거라!
"교수들까지 ""양승조 대선출마하라""…정의당 ""낯뜨겁다"" 비난",2021-05-04 05:00:00,2021-05-04 10:51:57,bsks****,관리자에 의해 삭제된 댓글입니다.
"교수들까지 ""양승조 대선출마하라""…정의당 ""낯뜨겁다"" 비난",2021-05-04 05:00:00,2021-05-04 10:47:21,ly41****,그동네 비 오냐 ? 맛간 것이 쩝쩝이 닮은 것 같다. 홍성장 날 눈 감고 지나가는 사람 아무나 붙잡아 내 보내는 게 좋겠다. 이왕이면 입이 하마인 정수기 나오라 해라.
"교수들까지 ""양승조 대선출마하라""…정의당 ""낯뜨겁다"" 비난",2021-05-04 05:00:00,2021-05-04 10:38:18,choi****,주제파악좀해라...이러니 니들을 떨거지들 쓰레기 집합소라 불리는거다
"교수들까지 ""양승조 대선출마하라""…정의당 ""낯뜨겁다"" 비난",2021-05-04 05:00:00,2021-05-04 10:32:41,uugl****,영승조가 누고?
"교수들까지 ""양승조 대선출마하라""…정의당 ""낯뜨겁다"" 비난",2021-05-04 05:00:00,2021-05-04 10:27:21,song****,헐~~~
"교수들까지 ""양승조 대선출마하라""…정의당 ""낯뜨겁다"" 비난",2021-05-04 05:00:00,2021-05-04 10:18:33,hyrl****,또 합바지가 나오겠구먼... 제발 머리속안에는 빨간물이 안들은 분이었으면...
"교수들까지 ""양승조 대선출마하라""…정의당 ""낯뜨겁다"" 비난",2021-05-04 05:00:00,2021-05-04 10:12:19,akm0****,크~ 들떨어진 것들이 ..ㅋ 참 잘하는 짖이다... 웃음거리 만들어 주니 즐겁구낭 ㅎㅎㅎ
與원로 유인태 “이재명 대범하게 경선연기 받으면 많이 오를 것”,2021-05-13 11:24:00,2021-05-13 23:53:33,이****,그래도 윤석열총장님껜 안될거다*****^~ 잔정국민걱정해주는사람은 윤석열뿐아다!!! 이재명은 인성이 부족하고 국민섬기진 못할거같다/본인집안에 햇던 행태들을보면~~~~~~~~~~~~~~
與원로 유인태 “이재명 대범하게 경선연기 받으면 많이 오를 것”,2021-05-13 11:24:00,2021-05-13 20:41:43,youn****,모르지 내가 정신이 나가면 이재명 재벌 해체 한다는 인간 지지 할지도 너님들도 정신 차리세요
與원로 유인태 “이재명 대범하게 경선연기 받으면 많이 오를 것”,2021-05-13 11:24:00,2021-05-13 20:40:39,youn****,재벌 해체 한다는 인간을 누가 지지 하냐
與원로 유인태 “이재명 대범하게 경선연기 받으면 많이 오를 것”,2021-05-13 11:24:00,2021-05-13 14:52:53,qock****,원로나되가지고 잔머리굴리기는...ㅉㅉ
與원로 유인태 “이재명 대범하게 경선연기 받으면 많이 오를 것”,2021-05-13 11:24:00,2021-05-13 12:18:09,bsks****,째맹아 원칙이 답이다. 낙옆이 정코르나 떨고 있다
與원로 유인태 “이재명 대범하게 경선연기 받으면 많이 오를 것”,2021-05-13 11:24:00,2021-05-13 11:39:18,cwyo****,"이재명 싫어하지만 유인태 말은 맞다. 윤석렬도 지금 안움직이면, 인기도 곧 사라진다.. 두고 봐라.."
與원로 유인태 “이재명 대범하게 경선연기 받으면 많이 오를 것”,2021-05-13 11:24:00,2021-05-13 11:36:25,jsjo****,무상 ㅇㅇ 이재명? 형수 쌍욕 이재명? 정신병원 이재명? 무상천국 이재명? 국고 바닥 이재명? 한심한 운동권...
與원로 유인태 “이재명 대범하게 경선연기 받으면 많이 오를 것”,2021-05-13 11:24:00,2021-05-13 19:00:46,21cl****,"얘야, 세상을 너와같이 배배꼬인 눈으로 바라보면 너만 바보된다. 형수욕설에 대해 대부분의 사람들은 이재명이 잘못했다는 것을 알지만 그 상황사정을 이해를 하고 용서를 한다. 그렇지 않고서야 어떻게 오랜기간 동안 대통령후보 여론조사 1~2위를 할수 있단 말이냐? 며칠전 문대통령은 장관후보자 국회청문회에서 그 사람의 도덕성 흠결만 을 들추어 모욕주기가 아닌,능력과 자질을 들여 보아야한다고 했다.맞는 말이다. 능력은 훌륭한데 흠결이 있어 대통령 자격없다하면 너는 그냥 바보다.그리고 운동권이 죄냐? 불운의 시대에 이 나라 민주화를 위해 목숨건 투쟁이 왜 비난받아야 하는지?"
"정세균 측 ""이재명 흠집내기? 형수 욕설 육성 틀자고 한 적 없다""",2021-04-28 15:45:00,2021-04-28 16:05:25,오****,관리자에 의해 삭제된 댓글입니다.
"송영길 만난 문희상·김원기…“깨야 산다"" ""중심세력 벗어나야""",2021-05-13 17:32:00,2021-05-14 11:17:16,jeon****,5인이상사적모임 국민들은죄값치러야하고 제들은괜찮음~~
"송영길 만난 문희상·김원기…“깨야 산다"" ""중심세력 벗어나야""",2021-05-13 17:32:00,2021-05-14 13:36:12,dokd****,도둑들은 괜찮음
"송영길 만난 문희상·김원기…“깨야 산다"" ""중심세력 벗어나야""",2021-05-13 17:32:00,2021-05-14 10:53:52,phyl****,폐급정치인들 반상회하나 나이값들 하시계
"송영길 만난 문희상·김원기…“깨야 산다"" ""중심세력 벗어나야""",2021-05-13 17:32:00,2021-05-14 10:52:34,서****,"나들국민은 오로지 99프로뿐.그들만을 위한 깨기? 니들만의 말장난? 몽이상, 국회의장시절 뭘깼니? 어디서 말장난이냐? 99프로는 죽어도 찍어줄테니 차라리 청래처럼 철판깔고 아무소라나 떠들어.믹나가라구.끼리끼리 99프로."
"송영길 만난 문희상·김원기…“깨야 산다"" ""중심세력 벗어나야""",2021-05-13 17:32:00,2021-05-14 05:40:21,ban8****,문희상 패스트 트랙으로 역적인데 문 망언을. 니가 나라를 깨뜨렸는데.
봉하마을 간 정세균 “노무현 미완의 꿈 완성하겠다”,2021-04-25 14:09:00,2021-04-26 12:19:18,bcg7****,"닥치는대로 다 해쳐먹는 정신 존경합니다 3,000배 하시고 가세요"
봉하마을 간 정세균 “노무현 미완의 꿈 완성하겠다”,2021-04-25 14:09:00,2021-04-26 08:02:01,서****,노무현 무덤이라는 돌부터 거두어 내라'''귀신이 답답하단다'무식한것들이보기좋다고 돌을덮어 놓은것은 죽은이가 답답하지''
봉하마을 간 정세균 “노무현 미완의 꿈 완성하겠다”,2021-04-25 14:09:00,2021-04-26 00:45:14,kaps****,간길에 뛰어 내리세요
봉하마을 간 정세균 “노무현 미완의 꿈 완성하겠다”,2021-04-25 14:09:00,2021-04-25 22:19:22,이****,고마해라 지겹다
봉하마을 간 정세균 “노무현 미완의 꿈 완성하겠다”,2021-04-25 14:09:00,2021-04-25 22:00:49,Chih****,노무현정신 은 ..돈주고 매매 가능한지요????전세도 주는지?????
봉하마을 간 정세균 “노무현 미완의 꿈 완성하겠다”,2021-04-25 14:09:00,2021-04-25 21:38:55,빈****,노무현 개18시기넘과 김대중 뻘겅이 18시기넘의 시체를 꺼내어서 부관참수를 하여야 한다!!!! 반드시 이 두 넘을 처단하여야만이 이 나라가 발전이 될 수 있다!!!!
봉하마을 간 정세균 “노무현 미완의 꿈 완성하겠다”,2021-04-25 14:09:00,2021-04-25 18:56:28,edoo****,"자살 영웅한테 협박을 하면 당선 된다. 총리 때 하던 실력으로,"
봉하마을 간 정세균 “노무현 미완의 꿈 완성하겠다”,2021-04-25 14:09:00,2021-04-25 18:46:03,즐거운 ****,늙은 쥐가 독 뚫는 꾀만 가젔다 고 했다. 여당 대표. 국회의장. 국무 총리 해 먹었어면 이제 귀거래사 읊으며 좀 사라저 가라. 국민 건강을 담보로 잔 재주 잔 꾀로 임시 방편 해대다가 에라 모르겠다 대통령이나 한번 해 먹어보자 며 들구 튀 버린 무책임 양반이 뭔 노무현 꿈 같은 소릴 늘어놓구 있냐?
봉하마을 간 정세균 “노무현 미완의 꿈 완성하겠다”,2021-04-25 14:09:00,2021-04-25 16:41:59,esha****,Virus 정! 정신 차려라
봉하마을 간 정세균 “노무현 미완의 꿈 완성하겠다”,2021-04-25 14:09:00,2021-04-25 15:49:27,kore****,지 주제를 알아야지
봉하마을 간 정세균 “노무현 미완의 꿈 완성하겠다”,2021-04-25 14:09:00,2021-04-25 15:45:15,전****,피아제시계를 차고 말겠다는 전라도늙은이의 꿈. 부질없당께~
봉하마을 간 정세균 “노무현 미완의 꿈 완성하겠다”,2021-04-25 14:09:00,2021-04-25 15:41:49,Cha ****,봉하마을 바위무덤은 저들한테는 성지인가 보다. 걸핏하면 찾아들 가서 머리 조아리고... 참 한심해 보인다...
봉하마을 간 정세균 “노무현 미완의 꿈 완성하겠다”,2021-04-25 14:09:00,2021-04-25 15:01:38,tiam****,놀고있네
봉하마을 간 정세균 “노무현 미완의 꿈 완성하겠다”,2021-04-25 14:09:00,2021-04-25 15:02:21,tiam****,백신 사기꾼
봉하마을 간 정세균 “노무현 미완의 꿈 완성하겠다”,2021-04-25 14:09:00,2021-04-25 14:46:52,tryb****,노무현이 왜 자살했나요 ? 권양숙이 받은 돈은 얼마인가요 ?
봉하마을 간 정세균 “노무현 미완의 꿈 완성하겠다”,2021-04-25 14:09:00,2021-04-25 14:36:56,ojy0****,"이런 인사가 국회의장, 총리를 하였으니 나라꼴이 이렇다. 이젠 대통령까지? 꿈깨라 새머리야."
봉하마을 간 정세균 “노무현 미완의 꿈 완성하겠다”,2021-04-25 14:09:00,2021-04-25 14:31:22,전****,"더러 꼴통색이들.. 국민좁당 대표가 되던, 서울시장이 되던.. 어느넘 하나 다까기색이 무덤 찾아가는 넘 없더라.. 의리라고 개좁만큼도 없는 넘들. 니들이 국부니 뭐니 하던 승마니탱이나 다까기색이는 대갈에서 지웠냐?"
봉하마을 간 정세균 “노무현 미완의 꿈 완성하겠다”,2021-04-25 14:09:00,2021-04-25 14:29:10,1962****,죽은자식 부랄잡고 폼잡는놈들은 정계 퇴출시킵시다
봉하마을 간 정세균 “노무현 미완의 꿈 완성하겠다”,2021-04-25 14:09:00,2021-04-25 14:26:44,뭄****,"7,500만명분을 확보했다고 자랑질 했던, 그 백신은 어디다 팔어 먹었냐? 나쁜 자식...."
봉하마을 간 정세균 “노무현 미완의 꿈 완성하겠다”,2021-04-25 14:09:00,2021-04-25 14:23:59,rawm****,뇌물 받아먹고 뽀록나도 자살 안하는 꿈이냐? 뇌물 받아먹어도 뽀록안나는 꿈이냐? 뇌물 받아먹어도 검찰이 수사못하게 하는게 꿈이냐?
"[사설] 여당 대선주자들의 퍼주기, 나라 더 어렵게 만든다",2021-05-03 00:12:00,2021-05-04 09:00:50,김****,대한민국의 자유민주주의 시장경제를 망쳐먹은 문제인정부 수구좌파 놈들은 오천만 국민의 심판을 받아 다시는 저런자가 지도자라고 태어나지도 말아야한다 입만열면 천만가지가 거짖과위선의 개주디 주절그린다 수구좌파 국민혈세가 너네들 주머니 삼짖돈인가 미래세대 젊은이들에게 빗을 값아야될 돈이다 저늠들 모조리 추살시켜야한다 지도자라고 하는 자가 김정식씨 고소하는 저런파련치범을 깜방갈날 얼마안남았다
"[사설] 여당 대선주자들의 퍼주기, 나라 더 어렵게 만든다",2021-05-03 00:12:00,2021-05-04 08:53:54,김****,야 정세균아 네놈돈인가 국민을기만하는 저놈 총리시절부터 코로나 방역 자랑하는놈 코로나 백신 구하지 않고 뭘 하고 나자빠졌나 네놈 삼짖돈 처럼국민혈세 피빨아먹는 저늠들 모조리 추살시켜야한다 오천만국민의 젊은이 들에게 값아야 빚이다 수구좌파 이놈들은 최악으로 발악하는 꼴뚜기 꼴갑뜨는꼴 얼마안남았다
"[사설] 여당 대선주자들의 퍼주기, 나라 더 어렵게 만든다",2021-05-03 00:12:00,2021-05-03 21:11:34,gana****,무능한 문정부가 퍼주기로 선심쓰고 코로나백신이 없어서 국민은 불안에 떨고 11월까지 집단면역이 형성된다던 문정부는 무능하고 파렴치한 좌파들의 정권은 더이상은 반대한다!!!
"[사설] 여당 대선주자들의 퍼주기, 나라 더 어렵게 만든다",2021-05-03 00:12:00,2021-05-03 19:05:59,sons****,표라면 영혼도 팔아넘길 럼들이 이런 소리가 귀에 덜어 올까요 천만에 말씀 세금 퍼주기 일인자 공짜떡도 잘치는 그 럼에게 정신나갔나 소리들을거요 잘봐라 청년들이여 바로 너희들의 빚이다 너희들의 몫
"[사설] 여당 대선주자들의 퍼주기, 나라 더 어렵게 만든다",2021-05-03 00:12:00,2021-05-03 12:22:59,kdag****,지들 돈이면 그리 하겠나 사리사욕 배떼기 쥐처럼 하지마라 만만치 않는 것이 역사다.
"[사설] 여당 대선주자들의 퍼주기, 나라 더 어렵게 만든다",2021-05-03 00:12:00,2021-05-03 12:22:27,naor****,네 돈이가?내년에 민주당에서 대통되면 나라가 절단날거다.
"이재명, 경선연기론에 “원칙대로 하면 조용하고 합당”",2021-05-12 11:26:00,2021-05-12 12:39:08,An10****,제대로 미치게 돌아 가는구나! 거시기가 거시기하네!
"""정세균, 文에 이미 사의""…여권 ""대선 출마 공식화, 변수될 것""",2021-04-01 16:09:00,2021-04-09 13:02:12,k2k3****,땅속에 가실일이 더 빠를듯
"""정세균, 文에 이미 사의""…여권 ""대선 출마 공식화, 변수될 것""",2021-04-01 16:09:00,2021-04-04 21:15:59,phoe****,"이낙연, 추미애, 정세균 ... 다들 머리채 잡고 싸울듯.. 그래서 윤석렬 나오는거 반대했네.. 세명다 문재인이 언지를 줬을듯.. 이번 선거판 볼만하겠네.. 고민정은 누구한테 붙나 궁금하네!!!"
"""정세균, 文에 이미 사의""…여권 ""대선 출마 공식화, 변수될 것""",2021-04-01 16:09:00,2021-04-04 21:17:19,phoe****,이재명도 있었지?
"""정세균, 文에 이미 사의""…여권 ""대선 출마 공식화, 변수될 것""",2021-04-01 16:09:00,2021-04-04 06:42:03,안****,아무나 대선에 나오는 민주당 문재인이라는 전례가있으니~~ 이해는 가지만~~ 정도껏 하시죠 ㅋㅋ
"""정세균, 文에 이미 사의""…여권 ""대선 출마 공식화, 변수될 것""",2021-04-01 16:09:00,2021-04-03 19:43:37,이****,코로나 다음은 어떤 細菌이 등장하려나? ㅋㅋㅋ
"""정세균, 文에 이미 사의""…여권 ""대선 출마 공식화, 변수될 것""",2021-04-01 16:09:00,2021-04-03 13:06:55,oleb****,꿈깨라.. 대선? .. 총리자리도 너한테 버거운거 몰라? 입법부 수장이었던 자가 문가 뒤치다꺼리나 하고 있으니.. ㅉㅉ
"""정세균, 文에 이미 사의""…여권 ""대선 출마 공식화, 변수될 것""",2021-04-01 16:09:00,2021-04-03 10:05:52,김****,침몰하는 배에는 남아있지 않겠다?
"""정세균, 文에 이미 사의""…여권 ""대선 출마 공식화, 변수될 것""",2021-04-01 16:09:00,2021-04-02 20:49:46,chs5****,꼴깝은 자유
"""정세균, 文에 이미 사의""…여권 ""대선 출마 공식화, 변수될 것""",2021-04-01 16:09:00,2021-04-02 12:22:12,Jesk****,드디어 출사표를 던지셨나? 지지율 조만간 급상승 하시겠네요 화이팅! 응원합니다
"""정세균, 文에 이미 사의""…여권 ""대선 출마 공식화, 변수될 것""",2021-04-01 16:09:00,2021-04-02 12:18:44,61go****,참 얼굴도 두껍다 이낙연이 희망 안 보이니 세균덩어리도 앞세우겠다 허 참 국민을 뭐로 보고 야당도 여당도 인물 없기는 마찬 가지다 니들에게 두번은 안 당한다
"""정세균, 文에 이미 사의""…여권 ""대선 출마 공식화, 변수될 것""",2021-04-01 16:09:00,2021-04-02 12:09:26,kokl****,저사람도 대권 주자로 ?ᆢ 차라리 허경영이를 찍겠다ᆢ 이사람은 국민앞에검증 받았어 ᆢ낙제점ᆢ
"""정세균, 文에 이미 사의""…여권 ""대선 출마 공식화, 변수될 것""",2021-04-01 16:09:00,2021-04-02 11:32:29,park****,세균아 네가 성공하려면 이번 코로나 사태를 잘 이겨네면 너는 국민들에게 큰 신망을 얻는다 지금 관두면 여태 잘해온 코로나를 걷어차는 꼴이다 오히려 이 코로나를 잘 이용하면 아마 반석위에 올라설 것이다 대께문들은 믿지 마라
"""정세균, 文에 이미 사의""…여권 ""대선 출마 공식화, 변수될 것""",2021-04-01 16:09:00,2021-04-02 11:29:08,park****,ㅋㅋㅋ 문재인의 사지가 점점 떨어져 나가는걸 느낄 것이다 좋게 말하면 자신의 한계를 밝히고 사의 한다지만 내가 보기에는 래임덕에 올라선 문재인 에게서는 더이상 빨아먹을 단물이 없는것을 알고 덤터기 쓰기전에 떠나는 것으로 보인다 영선이가 대표적인 아이지 문재인 보유국이라 딸랑거리더니 선거복에는 아에 민주당 글자 마져 없다 더이상 줄기차게 이용해 먹던 문재인이 이제 쓸모 없는 문재인이 된거지 ㅋㅋㅋ 아직도 그걸 모르는 대께문들은 문재인 포에버 하며 영원하라 외치고들 있지 참 딱하고 측은하다
"""정세균, 文에 이미 사의""…여권 ""대선 출마 공식화, 변수될 것""",2021-04-01 16:09:00,2021-04-02 11:26:16,ad81****,"여성 촐리라 ?? 그럼 윤미향, 아님 고민정 ??"
"""정세균, 文에 이미 사의""…여권 ""대선 출마 공식화, 변수될 것""",2021-04-01 16:09:00,2021-04-02 09:19:36,sulw****,丁离朴反 张朴取利 文哭有泪 这政失望 这与失信 怎么办了 文派和与
"""정세균, 文에 이미 사의""…여권 ""대선 출마 공식화, 변수될 것""",2021-04-01 16:09:00,2021-04-02 12:10:38,kokl****,이글을 쓰시너라 욕보셨겠네요ㆍ읽는 나도 힘들어서 원~~~
"""정세균, 文에 이미 사의""…여권 ""대선 출마 공식화, 변수될 것""",2021-04-01 16:09:00,2021-04-02 10:02:18,akio****,당신 짱꼴라요???
"""정세균, 文에 이미 사의""…여권 ""대선 출마 공식화, 변수될 것""",2021-04-01 16:09:00,2021-04-02 09:01:36,uri3****,이낙연지지율떨어지니까.아직코로나살아있는데.진짜얍사하네 전라북도지사로가라
"""정세균, 文에 이미 사의""…여권 ""대선 출마 공식화, 변수될 것""",2021-04-01 16:09:00,2021-04-02 08:06:44,방****,문대령님각하와 함께해야지 왜 나오냐 의리에죽고 의리에사는 사람아니였나 배가 침몰한다고 다 나오면 우리 각하님은 어쩌냐?각하님은 오로지 깨민시민들과 라도만 보고 민총들만보고 있는데 썩은 ㅅ ㅈ에서 나오는 ㄱㄷ ㄱ 처럼 다나오면 어쩌냐
"""정세균, 文에 이미 사의""…여권 ""대선 출마 공식화, 변수될 것""",2021-04-01 16:09:00,2021-04-02 08:00:52,haep****,정세균이 변수? 하기야 똥물도 파도가 있으니까!
"불붙는 이낙연·정세균의 호남 쟁탈전…""호남은 될 사람 민다""",2021-04-19 17:45:00,2021-04-21 09:20:46,jktr****,호남 이번에 낭떨어지에서 밀어 버린다.
"불붙는 이낙연·정세균의 호남 쟁탈전…""호남은 될 사람 민다""",2021-04-19 17:45:00,2021-04-20 10:21:30,이준수교****,"호남인이여!! 호남의 큰 인물을 대통령으로~~~. 김대중대통령께서 큰 인물로 보시고 정계에 입문시킨 이낙연. 23년만에. 호남대통령의 기회가 왔습니다. 호남인은. 노무현대통령을 만들고 문재인대통령을 전폭적으로 지지하였습니다. 이제, 호남대통령 만들어 봅시다. 간절히 호소드립니다. 이준수."
"불붙는 이낙연·정세균의 호남 쟁탈전…""호남은 될 사람 민다""",2021-04-19 17:45:00,2021-04-19 19:07:17,오****,관리자에 의해 삭제된 댓글입니다.
"불붙는 이낙연·정세균의 호남 쟁탈전…""호남은 될 사람 민다""",2021-04-19 17:45:00,2021-04-19 18:19:00,top2****,백날 밀어줘바라 그동네서 대권후보가 나오나.ㅋ
"""李 출마 부추긴 게 양정철""…이재명 친문·친노에 손 뻗는다",2021-05-07 18:12:00,2021-05-13 23:26:27,pass****,정권교체 후 대청소할 시레기들. 부정선거는 최고 중죄로 다스리는 것 알지?
"""李 출마 부추긴 게 양정철""…이재명 친문·친노에 손 뻗는다",2021-05-07 18:12:00,2021-05-09 11:29:47,백****,이재명은 순서에 입각해서 절차적 순서대로 뜻을 공개해서 시작하는데 가능성이 충분한 인물이라고 생각한다.
"""李 출마 부추긴 게 양정철""…이재명 친문·친노에 손 뻗는다",2021-05-07 18:12:00,2021-05-08 17:59:38,wtg5****,대권 쓸만한 인물이 민주당 주변에는 없다...차라리 윤미향을 써라..ㅋㅋㅋㅋㅋ 늘 이런 사람들이 나오니 민주당이나 나라가 이모양 이꼴이 된다
"""李 출마 부추긴 게 양정철""…이재명 친문·친노에 손 뻗는다",2021-05-07 18:12:00,2021-05-08 16:28:08,김****,그래보았자 국민세금 빼서 마구잡이로 표 구걸하는. 시정잡배들 ~
"""李 출마 부추긴 게 양정철""…이재명 친문·친노에 손 뻗는다",2021-05-07 18:12:00,2021-05-07 23:54:45,hcma****,본인 기억과 추억속에서ᆢ어느대기업 계열속에서 시작과ᆢ지금의 양정철은ᆢ!! 오만 하다가 ㆍ스스로 좌충수 두고 ᆢ외로움에 자살 당 할수도ᆢ!! 가보면 압니다ᆢ!!
"""李 출마 부추긴 게 양정철""…이재명 친문·친노에 손 뻗는다",2021-05-07 18:12:00,2021-05-07 23:02:19,Jhee****,양씨 언제 왔어? 415부정 진범 죽을때까지 쫓겨 다닐 놈이다
"""李 출마 부추긴 게 양정철""…이재명 친문·친노에 손 뻗는다",2021-05-07 18:12:00,2021-05-07 22:36:19,Paul****,"용쓰지 마라. 진보는 어둠속의 괴짜들, 재명이의 인간성 더러워 통리더? 더욱 안되지... 어린이, 청년들이 뭘 배우겠나? 더 더욱이 중공통은 미래 없다."
"""李 출마 부추긴 게 양정철""…이재명 친문·친노에 손 뻗는다",2021-05-07 18:12:00,2021-05-07 18:58:18,sshn****,도저히 이해 안되는 것은 양정철이가 무슨 재능 무슨 대단한 인물이기에 더불어 추행당 사람들은 거물 취급하는지 요해가 안 된다
"""민생 외치는건 반간계"" 추미애 입 거칠수록 윤석열 커진다?",2021-05-11 05:00:00,2021-05-12 09:10:23,오****,추장관 뜨니 댓글알바 바빠지네~ㅋ
"""민생 외치는건 반간계"" 추미애 입 거칠수록 윤석열 커진다?",2021-05-11 05:00:00,2021-05-12 09:09:03,오****,중앙 기레기야 처가 장모랑 마누라 때문에 감옥갈 깡패가 왜 커지냐? 내가 윤떡은 잊고 있었는데 장모님 통장잔고 위조가 딱 떠오르네. 어디 깡패같은 개검 수장과 추다르크를 비교하냐? 추장관이 무섭긴 한가 보군
"""민생 외치는건 반간계"" 추미애 입 거칠수록 윤석열 커진다?",2021-05-11 05:00:00,2021-05-11 17:29:09,김****,이놈의 여편네는 지치지도않고 떠드는구나. 고 야비한 웃음짓고 샐샐거리는것안보니 좋던데 저따위수준미달의 여편네기사는 싣지않았으면 좋겠다.
"""민생 외치는건 반간계"" 추미애 입 거칠수록 윤석열 커진다?",2021-05-11 05:00:00,2021-05-11 16:02:34,ejoh****,추미애씨 입이 매워질수록 윤총장은 커가고 본인은 추해지는데 이걸 모르시나?
"""민생 외치는건 반간계"" 추미애 입 거칠수록 윤석열 커진다?",2021-05-11 05:00:00,2021-05-11 15:18:01,jinb****,윤석열 구원투수 등판하셨네 본인이 등판할때마다 상대적으로 윤석열이 부각되는것.알텐데 자신의 권력욕으로 민주당에 해를 끼치구있으니 종종등판해주길 바란다 추미애 고마우이
"""민생 외치는건 반간계"" 추미애 입 거칠수록 윤석열 커진다?",2021-05-11 05:00:00,2021-05-11 14:07:52,moma****,추한애 아직도 🐕 소리하고 다니나?
"""민생 외치는건 반간계"" 추미애 입 거칠수록 윤석열 커진다?",2021-05-11 05:00:00,2021-05-11 13:00:04,Paul****,"한국사람은 슬픈나라사람들이야... 똥싸고 나서 오리발, 선수들 매일 듣고 보고 견뎌야 하는 괴롬. 한명수기, 조구기, 취미야, 문쥐앙."
"""민생 외치는건 반간계"" 추미애 입 거칠수록 윤석열 커진다?",2021-05-11 05:00:00,2021-05-11 12:52:55,king****,"문통과 더블당,그리고 추미애 개혁없이 민주주의는 없다."
"""민생 외치는건 반간계"" 추미애 입 거칠수록 윤석열 커진다?",2021-05-11 05:00:00,2021-05-11 12:06:19,Kyu ****,추미애 인생 더럽게 살아간다
"""민생 외치는건 반간계"" 추미애 입 거칠수록 윤석열 커진다?",2021-05-11 05:00:00,2021-05-11 11:54:10,gmga****,기자 니들도 쥴리 소문 들었니?
"""민생 외치는건 반간계"" 추미애 입 거칠수록 윤석열 커진다?",2021-05-11 05:00:00,2021-05-11 14:09:19,moma****,아무튼 추한애와 조국이는 비리의 온상이야?
"""민생 외치는건 반간계"" 추미애 입 거칠수록 윤석열 커진다?",2021-05-11 05:00:00,2021-05-11 11:13:38,gmga****,추여사님께서 복안이 있을 것 입니다. 추여사님께서 대중이 모르는 정보가 있을 것입니다. 쥴리가 누구냐로 시작되어 누구인지 사실대로 밝혀지면 어찌 될까요? 출마가 가능 할까요? 잘 아는 친구들은 춞마를 말린다지요.. 조국 보세요. 장관 하지 않았으면 가정이 풍비박산 나지 않았을 것입니다.
"""민생 외치는건 반간계"" 추미애 입 거칠수록 윤석열 커진다?",2021-05-11 05:00:00,2021-05-11 11:01:08,Best****,추미애씨. 제발 민주당 대통령 후보로 나와라. 그래야 윤석렬이 아주 자근 자근 밣아주저. 제발 부탁한다
"""민생 외치는건 반간계"" 추미애 입 거칠수록 윤석열 커진다?",2021-05-11 05:00:00,2021-05-11 11:17:43,?****,제발 나온나 윤석열이 지지율 90%되구로
"""민생 외치는건 반간계"" 추미애 입 거칠수록 윤석열 커진다?",2021-05-11 05:00:00,2021-05-11 10:57:29,IN ****,"실력,능력도 없고 정신도 오락가락하는 이사람. 왜 쫏겨난 후에도 설쳐대나? 자신이 챙피하지도 않나?"
"""민생 외치는건 반간계"" 추미애 입 거칠수록 윤석열 커진다?",2021-05-11 05:00:00,2021-05-11 10:37:43,Kill****,추미애는 장관시절 광녀전략을 쓴다고 생각했는데 그냥 진짜 광녀임
"""민생 외치는건 반간계"" 추미애 입 거칠수록 윤석열 커진다?",2021-05-11 05:00:00,2021-05-11 09:58:06,jame****,"추미혜? 민주주의? , 매우 어울리지 않는 말."
"""민생 외치는건 반간계"" 추미애 입 거칠수록 윤석열 커진다?",2021-05-11 05:00:00,2021-05-11 09:50:11,puki****,"추가야 더 설쳐라 남구기, 용민, 민정, 청래, 미향, 도꾜댁 정말 최고다 최고 너희들의 눈부신 헛발질, 멍멍소리 덕분에 서울 부산을 가볍게 탈환했어 특히 추가는 입을 쉬지 말고 떠들어라 고마버"
"""민생 외치는건 반간계"" 추미애 입 거칠수록 윤석열 커진다?",2021-05-11 05:00:00,2021-05-11 09:23:16,keun****,추녀를 왜 아직 구속하지 않는걸까 아들도 구속수사하라
"""민생 외치는건 반간계"" 추미애 입 거칠수록 윤석열 커진다?",2021-05-11 05:00:00,2021-05-11 08:53:24,sd56****,"불법 정권 수사하는 팀 해체하고, 부패정권 비판하는 여론 자갈물리는 악독 행위가 개혁? 더 이상 나대지 말고 침묵하는 것이 상책이라 했거늘!!"
"이재명계 거센 항의, 경선연기론 일단 진화…""재점화 시간문제""",2021-05-09 16:52:00,2021-05-09 21:23:45,12rh****,똑똑히 지켜보자.이놈들은 법을 얼마나 우섭게 여기고 땡처리 하는지
"이재명계 거센 항의, 경선연기론 일단 진화…""재점화 시간문제""",2021-05-09 16:52:00,2021-05-09 21:17:58,song****,이미 멋대로 고치는 당헌 당규.아니냐?
"이재명계 거센 항의, 경선연기론 일단 진화…""재점화 시간문제""",2021-05-09 16:52:00,2021-05-09 20:14:28,mkk7****,"시합 중에 규칙을 바꿔 이자석아!! 참 히한한 당, 더듬이당!"
"이재명계 거센 항의, 경선연기론 일단 진화…""재점화 시간문제""",2021-05-09 16:52:00,2021-05-09 18:19:06,jm11****,1위 후보를 거스릴려고 하지말고 순리대로 했으면~ 지금 친문 비문으로 갈리면.. 저 극우세력들에게 정권을 내준다~ 다시 나라가 후퇴하는 꼴을 봐야하는가? 그동안 수구들의 반발을 무릅쓰고 추진했던 개혁정책들이 모두 도루묵 되고 만다~ ㅜ
"이재명계 거센 항의, 경선연기론 일단 진화…""재점화 시간문제""",2021-05-09 16:52:00,2021-05-09 21:25:00,12rh****,꼴값 뜨네 니네들이 헌게 뭐있냐 조국스럽게 ㅎㅎ
"이재명계 거센 항의, 경선연기론 일단 진화…""재점화 시간문제""",2021-05-09 16:52:00,2021-05-09 17:57:48,sski****,불리하면 자기편에 유리하게 바꾸는 게 민주당식 당헌 당규냐. 정말 전적으로 재수없는 당이다.
"정세균 ""이재명, 러 백신 언급 전 먼저 정부에 물어봤어야""",2021-04-21 23:58:00,2021-04-22 04:46:54,cwyo****,"둘다 2급 인재지만, 21세기에는 이재명이 좀 낫지.. 어차피 늙은 꼴통들, 좌파 짓거리도 수구스타일..."
"정세균 ""이재명, 러 백신 언급 전 먼저 정부에 물어봤어야""",2021-04-21 23:58:00,2021-04-22 03:20:04,kosh****,"이재 명이 다했으면 난방열사에게 사과하시지,,,!!"
"정세균 ""이재명, 러 백신 언급 전 먼저 정부에 물어봤어야""",2021-04-21 23:58:00,2021-04-22 02:32:12,sing****,"차기 유력 대선 후보를 물고 뜯는 어리석은 것들, 하긴 이것도 헤쳐나갈 장애물이리라."
"정세균 ""이재명, 러 백신 언급 전 먼저 정부에 물어봤어야""",2021-04-21 23:58:00,2021-04-22 02:25:16,just****,"정씨가 지금 대통령 깜냥이 되냐? 해 놓은건 없고 질러놓고 도망가 놓고, 700명 넘으니까 책임 안지고 대선 나간다고 자리 박차고 나간걸 누가 뽑냐?"
"정세균 ""이재명, 러 백신 언급 전 먼저 정부에 물어봤어야""",2021-04-21 23:58:00,2021-04-22 01:10:09,이****,기회주의자에 눈치밥하나는 끝내준다 김부선말대로 쌀 한가마니 라도 내놔야 남잔데 무상을너무 좋아 한다
"정세균 ""이재명, 러 백신 언급 전 먼저 정부에 물어봤어야""",2021-04-21 23:58:00,2021-04-22 01:01:31,오****,문재인도 싫지만 재명이는 더 역겹다 쓰레기 이런놈이 대권을 꿈꾸는 나라 참 창피하다
"정세균 ""이재명, 러 백신 언급 전 먼저 정부에 물어봤어야""",2021-04-21 23:58:00,2021-04-22 00:32:53,kbs3****,거짓말을 밥 먹듯하는 쥐쌔에끼!
"""원칙 깨지 말라""…이재명계 '경선연기론' 조기진압 나섰다",2021-05-07 17:39:00,2021-05-07 23:58:15,Stev****,이재 명이 다됐다 그래서 이재명 형수한테 할 욕이나 연구해라 철창안에서
"""원칙 깨지 말라""…이재명계 '경선연기론' 조기진압 나섰다",2021-05-07 17:39:00,2021-05-07 20:43:02,rije****,더듬당 당헌은 친목회칙보다도 못 한거지.
"""원칙 깨지 말라""…이재명계 '경선연기론' 조기진압 나섰다",2021-05-07 17:39:00,2021-05-07 19:14:12,sing****,연기하잔 이유가 참 구차하다. 세상에 영원한 권력이 어디 있으랴? 민주당 유력 대선후보 이재명 홧팅!
"""원칙 깨지 말라""…이재명계 '경선연기론' 조기진압 나섰다",2021-05-07 17:39:00,2021-05-07 19:06:11,cwyo****,어차피 문빠라는 애들이 기본적으로 무슨 이념이나 신조가 있는게 아니라 기회주의... 쎈편이 우리편..
"""원칙 깨지 말라""…이재명계 '경선연기론' 조기진압 나섰다",2021-05-07 17:39:00,2021-05-07 18:39:28,1919****,민주당 게시판을 봐도 친정부성향의 언론사 댓글창을 봐도 이재명 칭찬이 백에 구십구. 친문반문 하며 갈라치기 시전하는 기레기의 근거가 참 궁금하구려
"""원칙 깨지 말라""…이재명계 '경선연기론' 조기진압 나섰다",2021-05-07 17:39:00,2021-05-07 18:23:55,goun****,좌파들은 진짜 유능하다. 선동과 돈쓰는 것에는~ 웬수들~
"""원칙 깨지 말라""…이재명계 '경선연기론' 조기진압 나섰다",2021-05-07 17:39:00,2021-05-07 18:18:37,jasb****,"부선씨 소송건은 어찌 돼가노? 고결한 재명군, 부선씨를 무고로 고소하그라."
"""원칙 깨지 말라""…이재명계 '경선연기론' 조기진압 나섰다",2021-05-07 17:39:00,2021-05-07 18:01:49,youn****,자신의 유불리에 따라 패배주의자라 함은 한마디로 치사하다.
"""원칙 깨지 말라""…이재명계 '경선연기론' 조기진압 나섰다",2021-05-07 17:39:00,2021-05-07 17:56:39,play****,"니들이 언제 경선을하던 관심없다. 어차피 안쓰고 열심히 저축한사람 세금걷어서 세계여행 보내주는 공약, 이름만 다르지 그나물 그밥이다. 글고.... 외교관 마누라가 샹들리에 8개에 도자기 1500개 지가 쓰려고 가져왔다고하면 좀 쪽팔린줄알고 한마디씩 해라. 니들도 쓰레기중에선 고참이잖아? 니들땜에 대한민국 국적이 챙피해질라한다."
"""원칙 깨지 말라""…이재명계 '경선연기론' 조기진압 나섰다",2021-05-07 17:39:00,2021-05-07 17:50:00,오****,먼저 죄송합니다 용역일하며 사는 40초입니다 한달동안 인력시장에 일이 없어 모텔월세도 밀려 나왔다가 숙식제공 어렵게 구해 들어갔는데 생활비가 없고 핸드폰 발신이 안되어 당분간 일당으로 받기로하고 일을 시작했는데 5일동안 일한돈을 못받아서 얘기를하니 다짜고짜 화를 내며 나가라고하여 말다툼후 밖에 나와있습니다 갈곳도 없고 돈도 없는거 알면서 그러니 더 비참하더라구요 일당이 아직 해결이 안되어 급하게 숙식일을 다시 알아보고 하는데 쉽지가 않네요 와이파이되는 건물에서 들어와 있다 새벽에 인력시장 나가봐도 일을 못나가고 답답한 마음뿐이네요 살고는 싶은데 제맘대로 되는게 없네요 고정적으로 잘곳이 없다는게 너무 힘이듭니다 죄송하지만 찜질방비라도 도움받고싶어 염치없이 글남깁니다 3333-19-4493751카카오뱅크 ㅇㄷㅅ입니다 부끄럽지만 지푸라기라도 잡는 심정으로 글남깁니다 다시한번 죄송합니다
'얄미운' 朴 밀어준 MB···정권 재창출 미션 남긴 文의 현실,2021-05-09 08:00:00,2021-05-09 19:44:58,kwfb****,문죄아 틀따스퀴넌 김절둑아와 노무한이 발끝의 때만도 몬한 무능력의 🐕 극치 물건이므다 그치 홍어와 더드머괴 더라?
'얄미운' 朴 밀어준 MB···정권 재창출 미션 남긴 文의 현실,2021-05-09 08:00:00,2021-05-09 18:27:49,ybhd****,"문재인 대통령 이전에 병.신 검찰이 검찰 대접 받으려면 대한민국의 성역이자 언론으로서의 역할을 넘어서 대통령 행세하는 조선일본 방상훈, 중앙일본 홍석현, 동아일본 김재만부터 지은 죄 법대로 구속부터해. 병.신 검찰아. 한.중.일 중 국가원수가 자살하고 구속되는 건 대한민국 밖에 없어. 왜? 대한민국에서 대통령은 바지사장이고, 삼성 이재용. 조선일본 방상훈, 중앙일본 홍석현, 동아일본 김재만이 대통령이니까. 얘네들은 기업이라 도산해서 없어지지 않는한 영원할꺼고. 미친. 검찰.새.끼들아. 일반 나라처럼 법집행기관으로 기소만 담당해야 정상인데. 권력이 커지니, 삼성돈에 조중동이랑 야합해서 지들 맘대로 기소하고. 병.신들아. 대한민국 국민이 선출한 정치권력위에서 장난치니까 기분좋냐? 그러면서 입으로는 법치주의에 민주주의. 쥐.랄.을 해라. 니들이 검찰이면 조중동 범죄부터 기소해. 미.췬.놈.들아."
'얄미운' 朴 밀어준 MB···정권 재창출 미션 남긴 文의 현실,2021-05-09 08:00:00,2021-05-09 18:32:22,ybhd****,"일본 스가 딸랑이노릇 하면서 검찰가지고 대한민국에서 대한민국 대통령 바지사장 만들어놓고 뒤에서 언론이라는 도구로 기사로 여론조작해 대통령 행세하는 일본 스가의 성노리개 조선일본 방상훈, 중앙일본 홍석현. 동아일본 김재만부터 구속하라고. 이 새.끼.들이 존재하는 한 대한민국은 국가원수가 구속. 자살. 수감되는 역사 반복할꺼야. 이.새.끼들한테 대한민국은 안중에 없어. 지들 권력만 유지하면 돼. 그냥 일본으로 보내버려라."
'얄미운' 朴 밀어준 MB···정권 재창출 미션 남긴 文의 현실,2021-05-09 08:00:00,2021-05-09 18:26:30,박****,노무현대통령이 가장 크게 잘못한게 있다면 문재인의 능력을 과대평가했다는 것. 그때부터 한국은 이상한 방향으로 가기 위한 싹이 트기 시작했다고 본다. 박이 국정농단했다면 문은 국가농단이 될 것이라 본다.
'얄미운' 朴 밀어준 MB···정권 재창출 미션 남긴 文의 현실,2021-05-09 08:00:00,2021-05-09 17:21:03,mkk7****,당신은 하산 준비나 하시요! 나라를 이젠 더 거들내지말고!!!!!
'얄미운' 朴 밀어준 MB···정권 재창출 미션 남긴 文의 현실,2021-05-09 08:00:00,2021-05-09 15:20:46,kwfb****,오우 역대통령 집합 그중 문죄아틀따스퀴 홍어괴는 빼던져버려라... 잉 최저의 무능력괴 문죄아 틀딱이 에혀 쩝쩝쩝 딱딱딱 맞너냐 홍어괴더라?
'얄미운' 朴 밀어준 MB···정권 재창출 미션 남긴 文의 현실,2021-05-09 08:00:00,2021-05-09 15:02:34,박****,기자양반 과거 분석으로 내년 대선을 재단하려하지 마시오. 그런 분석은 국민들 다 아는 거요. 내년 치를 대선은 새로운 패러다임결과가 나올거요. 문이 도와 주든 안 도와주든 문과 관계없는 사람이 된다 그 말이요. 그리고 문이 가는 갈 곳은 양산이 아니라고 보이오. 그리고 대깨문들은 그들의 속성대로 언제 그런 사람이 있었지? 할거요.
'얄미운' 朴 밀어준 MB···정권 재창출 미션 남긴 文의 현실,2021-05-09 08:00:00,2021-05-09 14:55:23,dant****,"정권 재창출이 아니라, 너는 네 어미 조슬빨게 될것이다."
'얄미운' 朴 밀어준 MB···정권 재창출 미션 남긴 文의 현실,2021-05-09 08:00:00,2021-05-09 14:42:10,ys12****,"정권 재창출 개뿔....국가와 국민을 위해서 하겠어?. 지들 실정 덮을려고 하는거지,무지몽매한 자가 정권을 휘두르면 나라 근간이 흔들린다...그래서..이번 정권은 기필코 바꿔야 한다!!!!"
'얄미운' 朴 밀어준 MB···정권 재창출 미션 남긴 文의 현실,2021-05-09 08:00:00,2021-05-09 14:12:05,eui4****,친문이고... 비문이고... 따지지 말라. 민심 여론 국민 지지 받고 당선될 후보를 국민과 더붏어 민주당 대통령 후보로 확정하고 함께 단결해 전폭 지지하면 당선 된다 ! 야당에 정권 넘겨주면... 문 대통령도 퇴임후 안전 보장 못받고 이명박근혜 꼴 날 수도 있다. 문대통령도 잘 알겠지 롱 ?
'얄미운' 朴 밀어준 MB···정권 재창출 미션 남긴 文의 현실,2021-05-09 08:00:00,2021-05-09 17:55:24,s7****,문슬람 인간인 equi4*** 네놈에게는 네놈의 우상 문재인 새 끼가 감옥에 갇혀서 썩다 뒈지거나 처형되어 뒈지는 것이 매우 안타까울 것이다.
'얄미운' 朴 밀어준 MB···정권 재창출 미션 남긴 文의 현실,2021-05-09 08:00:00,2021-05-09 14:39:22,s7****,관리자에 의해 삭제된 댓글입니다.
'얄미운' 朴 밀어준 MB···정권 재창출 미션 남긴 文의 현실,2021-05-09 08:00:00,2021-05-09 14:13:29,eui4****,... 국민과 더불어 민주당... 수정
'얄미운' 朴 밀어준 MB···정권 재창출 미션 남긴 文의 현실,2021-05-09 08:00:00,2021-05-09 13:36:10,s7****,망국적인 좌익 종북 종중 빨 갱이들이 날뛰는 한국의 상황은 나치독일의 아돌프 히틀러 같은 골수 우익 반공 인물의 집권을 요구하는데도 아돌프 히틀러 같은 골수 우익 반공 정치인은 없고 좌익 빨 갱이들만 날뛰는 한국의 상황은 아주 잘못되어 한심하다.
'얄미운' 朴 밀어준 MB···정권 재창출 미션 남긴 文의 현실,2021-05-09 08:00:00,2021-05-09 18:06:20,jm11****,꾸준히 똘아이 같은 글을 쓰는구나? ㅋ 세상에 히틀러를 찬양하는 넘을 볼줄이야 ㅜ 동조하는 넘들은 또 모고? ㅜ
'얄미운' 朴 밀어준 MB···정권 재창출 미션 남긴 文의 현실,2021-05-09 08:00:00,2021-05-09 13:27:54,s7****,이제 문재인 새 끼는 가을 바람에 떨어지는 잎사귀처럼 되었으니 문재인 새 끼에 대한 지지율은 이제 중요하지 않고 2022년 3월 9일의 대통령 선거에서 이재명 새 끼와 같은 좌익 빨 갱이들이 이기면 한국은 북한 공산집단에게 먹혀 망해 북한 같은 지옥이 되므로 좌파인간의 재집권은 한국에게 망국 사태를 가져온다.
'얄미운' 朴 밀어준 MB···정권 재창출 미션 남긴 文의 현실,2021-05-09 08:00:00,2021-05-09 13:23:25,tngh****,"우하하하하 웃기는 늠 대법원 김명수,검찰김오수 포진한것가지고 무슨 헛소리 미봉책에 불과한것일뿐 그기간 임기가끝나면 소급해서라도 다시 문가늠을 법정에 불러세워 재심사 반듯이 구속조치하리니...미봉책으로 하늘을 가렸다고 하는 늠의 흐뭇한 마음이라... . 그런 미봉책으로 흐뭇해하는 문가의 좁은 식견을 믿고 이나라를 맡긴자들의 한심한 작태를 질책하노니....당랑권을 연상시키는 우스운 짓임을 알아야할 것.."
'얄미운' 朴 밀어준 MB···정권 재창출 미션 남긴 文의 현실,2021-05-09 08:00:00,2021-05-09 13:21:26,부정선거****,정권 재창출을 위해 어떤 부정도 저지를수 있겠다 싶다. 죽기아니면 까물어 치기니까. 서서히 다가 오고 있다. 어둠의 그림자가~~
'얄미운' 朴 밀어준 MB···정권 재창출 미션 남긴 文의 현실,2021-05-09 08:00:00,2021-05-09 13:09:02,s7****,문재인 새 끼가 집권한 2017년 5월 9일 이후부터 문재인 정권의 인간들이 대거 국회의원이 된 2020년 4 15국회의원 선거 이전까지 펼쳐졌던 태극기 집회와 우익이라는 인간들이 진행하는 우익 유트브는 문재인 정권을 몰락시키지 못하고 결국은 문재인 새 끼가 그의 집권 임기를 다 채우는 상황이 되었으니 문재인 정권에서의 야당과 한국의 우익이라는 인간들은 게으르고 무능한 바보들이다.
'얄미운' 朴 밀어준 MB···정권 재창출 미션 남긴 文의 현실,2021-05-09 08:00:00,2021-05-09 13:27:08,tngh****,고건 2030세대가 더불어 만진당 초선의원만난자리에서 코로나19아니였으면 더불어만진당은 촟ㅅ불항의시위의 주체가되어질타를 받고도남음이라말하지않았던가..코로나가 문가늠집단패거리 항의시위도 무마시킨결과를 초래하고야말았구나 역시 문가는은 코로나와 혈육관계이상의 친분관계가 성립하는가 보다.
"2030이 주력인 암호화폐…민주당, 대선 시한폭탄 우려",2021-04-26 00:02:00,2021-04-26 02:36:27,오****,관리자에 의해 삭제된 댓글입니다.
"""文, 임·노·박 강행 의지""…쇄신이냐 충성이냐, 송영길의 고민",2021-05-11 15:49:00,2021-05-12 08:37:10,Phil****,"다들 조국이 보다 못하지? 역시 조국이가 최고지? 조국이 짝퉁같은 문재인 정부, 할 말이 없다."
"""文, 임·노·박 강행 의지""…쇄신이냐 충성이냐, 송영길의 고민",2021-05-11 15:49:00,2021-05-11 20:28:46,ssbk****,영길아! 멀리보고 정도로 가라.
"""文, 임·노·박 강행 의지""…쇄신이냐 충성이냐, 송영길의 고민",2021-05-11 15:49:00,2021-05-11 17:46:45,Cha ****,재인이는 원래가 국회를 무시한다. 따라서 청문회는 상관할 일이 애초부터 없는거고... 그래서 지 고집대로 임명장을 준다. 이런게 쌓여 결국엔 팽당하는 것이다. 이것이 공식이다.
"""文, 임·노·박 강행 의지""…쇄신이냐 충성이냐, 송영길의 고민",2021-05-11 15:49:00,2021-05-11 17:20:35,김****,여당놈들 슬슬 뽀개지는구나 송영길 이 쉐 끼 인간말종 개성공단 폭파시 대포로 안쏜게 다행이라고 떠들던 개 핫바지 같은××저런게 당대표..ㅋ 그냥웃는다 뭉가나 당대표나 그나물에 그밥이다
"""文, 임·노·박 강행 의지""…쇄신이냐 충성이냐, 송영길의 고민",2021-05-11 15:49:00,2021-05-11 17:14:04,cyy5****,문둥이한테 충성하라고 국민들이 뽑아준건 아니잖아 국민만 보고 가라 어떤놈이 개나발불어도 뽑아준 국민은 정의를 원한다 더러운 이력가진 장관들 필요없다
"""文, 임·노·박 강행 의지""…쇄신이냐 충성이냐, 송영길의 고민",2021-05-11 15:49:00,2021-05-11 16:46:30,jsjo****,싸아코패스당...
"""文, 임·노·박 강행 의지""…쇄신이냐 충성이냐, 송영길의 고민",2021-05-11 15:49:00,2021-05-11 16:43:51,luzo****,문재인 한마디에 오합지졸되는 꼴들하고는 쟈들 눈에는 국민이 안보이는겨 한심한 외눈박이 집단들~~ㅠㅠ
"""文, 임·노·박 강행 의지""…쇄신이냐 충성이냐, 송영길의 고민",2021-05-11 15:49:00,2021-05-11 16:37:38,qkr1****,달똥의 오기정치 찬성한다 탄핵개역적 위장보수놈들아 문가한테 좀 배워라
"""文, 임·노·박 강행 의지""…쇄신이냐 충성이냐, 송영길의 고민",2021-05-11 15:49:00,2021-05-11 16:29:11,한****,영길아너는개다. 너의주인 노씨가뒈졌으니 너의새로운 주인 문씨가 너의주인이다 주인을깍듯이모시지않으면 너는 보신탕감이다.문씨 발바닥을 침이마를때까지핥아라.대깨문총통의명령이다.
"""文, 임·노·박 강행 의지""…쇄신이냐 충성이냐, 송영길의 고민",2021-05-11 15:49:00,2021-05-11 16:29:03,Sung****,"여당 버러지들아... 범죄자도 일은 잘 해. 살인, 강간한 도덕적 결함자도 능력은 있어서 장관이 될 수 있어. 그런 사람과 지금 후보자들과 다른 점이 있다면 뭐가 다른가?? 살인은 안했고 도둑질, 탈세 이런건 죄도 아니냐??? 곡 더듬어야 죄가되는건 아니다. 니들이 박원순 일 잘한다고 했지.. 더음어도 문제가 없다는거잖아."
"""文, 임·노·박 강행 의지""…쇄신이냐 충성이냐, 송영길의 고민",2021-05-11 15:49:00,2021-05-11 16:19:29,this****,문씨이입쌔애이 똥꼬집을 누가 이기냐...???!!!
"""文, 임·노·박 강행 의지""…쇄신이냐 충성이냐, 송영길의 고민",2021-05-11 15:49:00,2021-05-11 17:15:44,cyy5****,국민이 벌할꺼다
"與 대권주자들 '퍼주기 공약'…정의당 ""아이디어 경연장이냐""",2021-05-06 18:53:00,2021-05-06 19:37:42,낀****,리석기빠는 애들이 어딜 나대고 까부는 거냐. 썅!
"與 대권주자들 '퍼주기 공약'…정의당 ""아이디어 경연장이냐""",2021-05-06 18:53:00,2021-05-06 19:16:11,hseo****,내가 보니 노름판이다. 1000 받고 3000...받고 1억...ㅋㅋ 세상에는 참 다양한 등신들이 있다
김무성 “尹 신당론 뭘 모르는 소리…이재명·친문 동행 힘들것”,2021-04-24 00:03:00,2021-05-12 17:49:29,seon****,아무리 그래도 무성이 니는 아니다. 덩치에 어울리지 않게 야비하다.
김무성 “尹 신당론 뭘 모르는 소리…이재명·친문 동행 힘들것”,2021-04-24 00:03:00,2021-05-12 15:09:34,choe****,"김무성이는 지극히 한심한 놈이다. 아주 비겁한 배신자, 유승 뭐시기하고 똑같은 놈이다."
김무성 “尹 신당론 뭘 모르는 소리…이재명·친문 동행 힘들것”,2021-04-24 00:03:00,2021-05-11 09:56:18,pone****,다음 국민의당 대선 후보는 안철수나 윤석열이 되면 정권을 바꿀 수 있다.
김무성 “尹 신당론 뭘 모르는 소리…이재명·친문 동행 힘들것”,2021-04-24 00:03:00,2021-05-10 17:44:39,jms0****,니들이 박근혜만 끓어내릴 줄 알고 벌인 일이 나라를 이 꼴로 만들고 있는데. 네 너미 입털일도 때도 아닌것 같은데.
김무성 “尹 신당론 뭘 모르는 소리…이재명·친문 동행 힘들것”,2021-04-24 00:03:00,2021-05-06 12:50:49,neti****,"카트 김무성,,도대체 누가 누구를 평가하고 코치하는가? 국민들 개돼지로 만드는데 일조했으면 반성하고 조용히 살아라. 입다물고 조용히 있는게 보수 도와주는거다. 정계를 떠난다했으면 조용히 낙향해서 소나 키우면 살아라."
김무성 “尹 신당론 뭘 모르는 소리…이재명·친문 동행 힘들것”,2021-04-24 00:03:00,2021-05-03 11:28:47,48by****,무성이 선무당이 사람잡네 제잘못안니라고 억지나부리고 그얼굴 안나왔으면.. 고향가서 예언하고 무당이나해야지
김무성 “尹 신당론 뭘 모르는 소리…이재명·친문 동행 힘들것”,2021-04-24 00:03:00,2021-05-03 09:57:08,hibb****,박쥐
김무성 “尹 신당론 뭘 모르는 소리…이재명·친문 동행 힘들것”,2021-04-24 00:03:00,2021-05-03 08:12:13,ajgi****,배신자
김무성 “尹 신당론 뭘 모르는 소리…이재명·친문 동행 힘들것”,2021-04-24 00:03:00,2021-05-02 10:35:38,swc2****,이러든 저러든 배신자 네놈은 아.가.리 찢기 전에 함부러 아.가.리 놀리지 마라
김무성 “尹 신당론 뭘 모르는 소리…이재명·친문 동행 힘들것”,2021-04-24 00:03:00,2021-05-01 15:03:07,xhdd****,네넘은 뭘 아는게 있나? 너는 네넘의 하루 앞날도 모르는 넘 아니더냐?
"""1000만원·3000만원·1억""…곳간 비는데, 나오는 현금살포 정책 제안",2021-05-07 11:50:00,2021-05-07 16:00:04,push****,유권자에게 현금 주겠다는 넘들 전부 다단계사기꾼이야.
"""1000만원·3000만원·1억""…곳간 비는데, 나오는 현금살포 정책 제안",2021-05-07 11:50:00,2021-05-07 14:54:08,lee2****,"그냥 청년들 인당 1,000조로..."
"""1000만원·3000만원·1억""…곳간 비는데, 나오는 현금살포 정책 제안",2021-05-07 11:50:00,2021-05-07 14:22:50,kosh****,내년에 허경영이를 찍어야 겠다..정말 ~~
"""1000만원·3000만원·1억""…곳간 비는데, 나오는 현금살포 정책 제안",2021-05-07 11:50:00,2021-05-07 13:25:49,mari****,허경영 공약 표절하지마라
"""1000만원·3000만원·1억""…곳간 비는데, 나오는 현금살포 정책 제안",2021-05-07 11:50:00,2021-05-07 13:24:37,박****,관리자에 의해 삭제된 댓글입니다.
"""1000만원·3000만원·1억""…곳간 비는데, 나오는 현금살포 정책 제안",2021-05-07 11:50:00,2021-05-07 13:23:32,mari****,하경영 공약이 허무맹랑한게 아니었구나
"""1000만원·3000만원·1억""…곳간 비는데, 나오는 현금살포 정책 제안",2021-05-07 11:50:00,2021-05-07 13:04:55,dhk2****,언론들의왜곡보도가 문제다.
"""1000만원·3000만원·1억""…곳간 비는데, 나오는 현금살포 정책 제안",2021-05-07 11:50:00,2021-05-07 12:44:03,cwyo****,김부선에게 단돈 5만원도 안주는 이재명이 저런 말을 하니까 문재라는 겁니다...
"""1000만원·3000만원·1억""…곳간 비는데, 나오는 현금살포 정책 제안",2021-05-07 11:50:00,2021-05-07 12:31:19,Kill****,몇가지 진리.. 세상에 쉬운일은 하나도 없다. 미래는 항상 불확실하다 ... 그리고 한국사람들이 꼭 잊지 말아야할것 하나.. 세상에 공짜는 없다
"""1000만원·3000만원·1억""…곳간 비는데, 나오는 현금살포 정책 제안",2021-05-07 11:50:00,2021-05-07 12:09:35,lee2****,중졸은 1억 초졸은 10억 유졸은 100억 콜 단무지 정부 공돈이 아니라 일자리가 최고의 복지다...
文지지율 34% 깜짝 반등…이재명 25% 윤석열 22% 팽팽 [한국갤럽],2021-05-07 10:57:00,2021-05-10 11:38:00,eoeo****,누구한테 물어보고 낸 지지율 통계냐? 왜 나한테는 한번도 전화 안옴? 주작질 한다고 국민들이 믿나?
文지지율 34% 깜짝 반등…이재명 25% 윤석열 22% 팽팽 [한국갤럽],2021-05-07 10:57:00,2021-05-08 21:29:24,전****,지지율 평가를 조선족도 할 수 있는거였나?
文지지율 34% 깜짝 반등…이재명 25% 윤석열 22% 팽팽 [한국갤럽],2021-05-07 10:57:00,2021-05-08 08:21:36,kimj****,사기 좀 치지 마라. 국민들은 그 말을 믿는 바보가 아니다.
文지지율 34% 깜짝 반등…이재명 25% 윤석열 22% 팽팽 [한국갤럽],2021-05-07 10:57:00,2021-05-07 23:08:06,Kyu ****,더럽고 치사스런 인간말짜 대깨문 여론조사에 또한번 국민의 분노을 일으킨다 무능한 문재인에게 무엇이 달라저서 반등? 어처구니없는 🐕새 끼들의작난 여론 그만좀해라
文지지율 34% 깜짝 반등…이재명 25% 윤석열 22% 팽팽 [한국갤럽],2021-05-07 10:57:00,2021-05-07 18:21:05,hseo****,조작
文지지율 34% 깜짝 반등…이재명 25% 윤석열 22% 팽팽 [한국갤럽],2021-05-07 10:57:00,2021-05-07 17:51:09,kokl****,"열린우리개도 웃는다, 게그 그만해라ᆢ"
文지지율 34% 깜짝 반등…이재명 25% 윤석열 22% 팽팽 [한국갤럽],2021-05-07 10:57:00,2021-05-07 17:42:26,zxcv****,많은 국민들이 아직 정신을 못차렸다고 본다....ㅉㅉㅉ
文지지율 34% 깜짝 반등…이재명 25% 윤석열 22% 팽팽 [한국갤럽],2021-05-07 10:57:00,2021-05-07 15:39:42,ybhd****,"일본의 성노리개. 일본 천황과 스가의 개. 중앙일본 석현아. 서울과 부산 일본이 수복했으니, 이제 777억 금융사기범 윤석열만 대통령 만들면 돼. 하나하나씩 차근차근 해가렴. 너희들은 대한민국의 성역(어떠한 범죄를 저질러도 처벌받지 않는 신)이잖아. 777억 금융사기범 윤석열 대통령 만들고, 2조원 금융사기 삼성 이재용 사면, 츠키야마 야키히로(이명박)와 다카키 그나크로(박근혜) 사면. 그리고 너희들이 돈으로 장악한 검찰 이용해 조국 전 법무부 장관, 유시민, 한명숙 전 총리처럼 없는 죄 만들어서 다 죽이자. 이게 원래 대한민국. 사기와 범죄가 만연한 나라지. 일본에 의해 없어지도록 니들이 최선을 다해주렴!!"
文지지율 34% 깜짝 반등…이재명 25% 윤석열 22% 팽팽 [한국갤럽],2021-05-07 10:57:00,2021-05-08 21:27:53,전****,박근혜 잡으니까 좋아하더니 조국 추미애 잡으니까 '돈으로 장악한 검찰' 이러나? 역겹기 짝이 없다.
文지지율 34% 깜짝 반등…이재명 25% 윤석열 22% 팽팽 [한국갤럽],2021-05-07 10:57:00,2021-05-07 17:50:52,즐거운 ****,어제 밤중에 거시기 정신이 많이 상한 종내기들 모아둔 그 곳에서 탈출했다는 걘가 봐 그치.....
민주 새 대표 송영길 “변화 위해 전진해야”,2021-05-03 00:02:00,2021-05-03 10:19:37,HP30****,당명 안 빼고 뭉가 안빼면 말짱 도로묵인거 몰라? 자슥아 봉창 같다 놓고 연주나 해라.
민주 새 대표 송영길 “변화 위해 전진해야”,2021-05-03 00:02:00,2021-05-03 09:39:05,hseo****,"당이름은 관심없고, 제일 먼저 바꿔야할게 대통령인것 같은데..."
민주 새 대표 송영길 “변화 위해 전진해야”,2021-05-03 00:02:00,2021-05-03 09:26:17,jhle****,거대암초와 선상반란을 침몰하고 있는 선박에 선장 바꾼다고 무엇이 달라질까? 쥐~새~끼들만 침몰선에서 빠져 나올려고 아우성일텐데....
민주 새 대표 송영길 “변화 위해 전진해야”,2021-05-03 00:02:00,2021-05-03 09:23:33,nis0****,시진핑 김여정 졸개 노릇이나 하는데 무슨 명분이 있고 민주주의가 있냐? 데모나 하던 머리나쁜 늙은 쓰레기들
민주 새 대표 송영길 “변화 위해 전진해야”,2021-05-03 00:02:00,2021-05-03 09:23:31,orbi****,결국 아무 것도 안바꾼다는 얘기...김용민 최고? 대박!
민주 새 대표 송영길 “변화 위해 전진해야”,2021-05-03 00:02:00,2021-05-03 09:11:47,Kyu ****,586 운동권 출신이다 그러면 데모께나 했을터인데? 문재인을상대로 데모좀해라 독재정권 물러가라 라고말이다
민주 새 대표 송영길 “변화 위해 전진해야”,2021-05-03 00:02:00,2021-05-03 08:44:42,Jhee****,한때는 지지했는데 지금은 종북 종중 니나 바꿔라
민주 새 대표 송영길 “변화 위해 전진해야”,2021-05-03 00:02:00,2021-05-03 08:42:44,bsks****,관리자에 의해 삭제된 댓글입니다.
민주 새 대표 송영길 “변화 위해 전진해야”,2021-05-03 00:02:00,2021-05-03 08:32:29,gurq****,당명하고 대통령 빼고 바꾸면 아무 의미가 없다.
민주 새 대표 송영길 “변화 위해 전진해야”,2021-05-03 00:02:00,2021-05-03 07:46:35,?****,내년에 대통령도 바꾼다
민주 새 대표 송영길 “변화 위해 전진해야”,2021-05-03 00:02:00,2021-05-03 07:04:17,igor****,송영길 말하는 거 봐라. 주저없이 전진하자고? 완전 북한 공산당식 말투네.
민주 새 대표 송영길 “변화 위해 전진해야”,2021-05-03 00:02:00,2021-05-03 06:57:18,shin****,이참에 송영길이의 정체성에 맞게 당명도 더블어 공산당이나 더블어공산당으로 개명해서 제대로 뛰어라.
민주 새 대표 송영길 “변화 위해 전진해야”,2021-05-03 00:02:00,2021-05-03 07:48:48,lyj1****,베트남 털국수 한그릇씩 돌려야지요 ㅋㅋㅋ
민주 새 대표 송영길 “변화 위해 전진해야”,2021-05-03 00:02:00,2021-05-03 06:55:47,37as****,난 이놈 쌍판만 보면 토가 나오려고 한다.
민주 새 대표 송영길 “변화 위해 전진해야”,2021-05-03 00:02:00,2021-05-03 06:55:29,igor****,저놈 사진 완전 뽀샵이다. 교활한 주사파는 감옥으로 가야 된다.
민주 새 대표 송영길 “변화 위해 전진해야”,2021-05-03 00:02:00,2021-05-03 06:38:43,lyj1****,통일전선전술을 본받아 반대파들 포용하는척 하다가 잡아 먹는것!! 지가 이건희인줄 아냐 다바꾸긴 뭘바꿔?? 나라에 해로운짓 한놈들 싹다 박멸해야지!! 그럴려면 지놈부터 죽어야 하는디?? 단 한번도 종북질 한거 반성한다고 해본적 없고 오직 권력을 탐하고 권력 생기자 베트남가서 미성년 접대부 음부 빨다가 털뽑은거 밖에 없는놈!! 베트남 털국수 뽑기 전문가!! ㅋㅋㅋ
민주 새 대표 송영길 “변화 위해 전진해야”,2021-05-03 00:02:00,2021-05-03 06:37:07,hjl0****,해골에 동상 걸린 개들이 침목회 하는 들개 하치장에서....
민주 새 대표 송영길 “변화 위해 전진해야”,2021-05-03 00:02:00,2021-05-03 06:36:50,soul****,지금 베트남에서는 전에 베트남 여행왔다가 술집에서 꽁까이 거웃 물어뜯은 인간이 한국의 집권당 그러니까 호지명 같은 높은 자리에 올랐다고 언론 보도가 안났을까?
민주 새 대표 송영길 “변화 위해 전진해야”,2021-05-03 00:02:00,2021-05-03 07:54:41,lyj1****,거웃 물어뜯다에 빵터졌습니다 ㅋㅋㅋ 송영길이 하고 같이 운동한 여학생들 거웃은 무사 했을까요?? 허구한날 혼숙에 합숙이었고 송영길이는 학생운동 지도자급 인디요??ㅋㅋㅋㅋ 학생운동 출신 여성들 거웃을 조사하라!! ㅋㅋㅋ
민주 새 대표 송영길 “변화 위해 전진해야”,2021-05-03 00:02:00,2021-05-03 06:19:01,Case****,항국앤 달러당500원 선물 시기!
"유승민, 김제동 책 꺼내며 ""사이비 진보가 헌법 가치 독점""",2021-05-06 17:01:00,2021-05-08 07:48:46,김****,"""자유"" 의 진정한 가치를 왜곡하는 일부 개그맨, 정치가,종교인,교수,법조인, 언론인...등, 들이 하늘이 내려주신 ""자유대한민국"" 을 거짓선동으로 파괴하려고 한다. ""자유""를 국민으로부터 지키기위해 헌법이 필요한것이다. 헌법에 포함되는 기본 항목들 을 가지고 말장난과 거짓선동으로 선량한 국민을 현혹시키지 맙시다."
"유승민, 김제동 책 꺼내며 ""사이비 진보가 헌법 가치 독점""",2021-05-06 17:01:00,2021-05-08 06:51:54,김****,"""자유"" 는 유승민이 주장하는 모든것의 상위개념 입니다. 첫단추 부터 잘못된 생각이 자유대한민국을 잘못된 방향으로 가고있다. 정신차리자."
"유승민, 김제동 책 꺼내며 ""사이비 진보가 헌법 가치 독점""",2021-05-06 17:01:00,2021-05-07 12:33:06,이****,"보수적폐의 대명사, you 승민! 낡은 보수가 뭐 어때서? 그들이 오늘의 대한민국을 만들어 온 사람들이다. 쓰레기 통에 넣다니? 자네 선조들이나 그렇게 하게나. 박물관으로 모셔놓고 대대로 그들의 정신을 잊지 말도록 해야지. 싸가지 없는 넘."
"유승민, 김제동 책 꺼내며 ""사이비 진보가 헌법 가치 독점""",2021-05-06 17:01:00,2021-05-07 09:58:43,방****,밥이익었는지설익었는지도모르는이런촌놈도정치하나?그러니 대한민국에미래가없다는것이다! 나라와국민을위해사생결단을낼수있는강력한지도자가필요한때이다!
"유승민, 김제동 책 꺼내며 ""사이비 진보가 헌법 가치 독점""",2021-05-06 17:01:00,2021-05-07 07:46:55,chad****,문제인 정부에 정권을 넘겨준 사람이 누구인지 묻고 싶네요. 그러면서 정권창출~~~ 에라이 천하에^^
"유승민, 김제동 책 꺼내며 ""사이비 진보가 헌법 가치 독점""",2021-05-06 17:01:00,2021-05-07 06:34:08,강****,인간말종대회에나가면일등한다둘다
"유승민, 김제동 책 꺼내며 ""사이비 진보가 헌법 가치 독점""",2021-05-06 17:01:00,2021-05-06 23:51:49,Joy ****,이 너절한 배신의 아이콘 새 끼 얘기는 왜 자꾸실어주나? 염장 지르나?
"유승민, 김제동 책 꺼내며 ""사이비 진보가 헌법 가치 독점""",2021-05-06 17:01:00,2021-05-06 23:08:31,윤 ****,"승민아, 돌아가신 아버님께서 그러실거다. 이녀석아, 내얼굴에 X칠 그만해라 하실거다."
"유승민, 김제동 책 꺼내며 ""사이비 진보가 헌법 가치 독점""",2021-05-06 17:01:00,2021-05-06 21:32:22,smtp****,"새로운자유의가치는 5.18,4.3을 똑 바로볼때있다. 역사인식없이는 더불당과 국민힘은 한통속일껄"
"유승민, 김제동 책 꺼내며 ""사이비 진보가 헌법 가치 독점""",2021-05-06 17:01:00,2021-05-06 20:24:00,sshn****,"재동이가 쓴 헌법책은 달님 정부 대법관 헌법재판관 법무장관 판새 검새 정권의견 견찰 더불어 추행당 국해의원 대깨홍,.. 필독 도서로 지명해라. 초빙해서 한번 강의에 천만원 대 초 스타강사님 아니더냐? 이게나라냐?"
"유승민, 김제동 책 꺼내며 ""사이비 진보가 헌법 가치 독점""",2021-05-06 17:01:00,2021-05-06 19:50:18,dla8****,진보네 보수네 편 길라 프레임 씌우는 정치인은 영원히 추방해야 한다.
"유승민, 김제동 책 꺼내며 ""사이비 진보가 헌법 가치 독점""",2021-05-06 17:01:00,2021-05-06 19:30:46,sons****,관상은 과학이다 저더러운 럼 면상을 봐라 저게 딱 간신 간신도 대를이을 면상이다 저런럼 옆에도 가지마라 벼락 맏는다 전형적인 간신의 면상이다
"유승민, 김제동 책 꺼내며 ""사이비 진보가 헌법 가치 독점""",2021-05-06 17:01:00,2021-05-06 19:28:28,sons****,"이,천하의 제일 간신럼아 주사공산개들과 손잡고 너같은 간신럼이 만든 세상이다 그래 저. 더러운 주사공산개들 소모품이된 기분어떠냐 ㅍㅍ이더러운 상판때기 치워라 더러운 공산개 소모품럼 ㅍㅍㅍ"
"유승민, 김제동 책 꺼내며 ""사이비 진보가 헌법 가치 독점""",2021-05-06 17:01:00,2021-05-06 18:48:35,Dong****,유승민도 함께 들어가서 두번다시 나오지 말어라. 아무도 당신에게 기대하지 않는다.
"유승민, 김제동 책 꺼내며 ""사이비 진보가 헌법 가치 독점""",2021-05-06 17:01:00,2021-05-06 18:25:43,dxge****,"김제동이 무슨 대단한 인물이라고 ㅋ 문재인 정권과 친분있다는 이유로 ㅋ 유승민 벤댕이 소갈딱지하곤 ㅋ 유승민 밀하는 모양새가 막장으로 치닷네 ㅋ 1,56,152,10"
"유승민, 김제동 책 꺼내며 ""사이비 진보가 헌법 가치 독점""",2021-05-06 17:01:00,2021-05-06 18:15:51,boho****,승민 아 탄핵 의 강 을 건너자는 것 조치 그럴러면 너 와 김무성 이가 보수 우파에게 진심으로 반성하구 사과 하는것을 전제로 해야 가능해 느그들이 만든 대통령 느그들이 탄핵해 사꾸라 박지원 과 짜구 ~ 에라이 후레자슥들아 ~
"유승민, 김제동 책 꺼내며 ""사이비 진보가 헌법 가치 독점""",2021-05-06 17:01:00,2021-05-06 18:14:45,dall****,도대체 유승민따위를 기사화 시켜주는 기자의 저의는 뭐냐? 우파 국민들이 옆에 있으면 패 x이고 싶은 x 1순위가 김무성 유승민인데
"유승민, 김제동 책 꺼내며 ""사이비 진보가 헌법 가치 독점""",2021-05-06 17:01:00,2021-05-06 18:13:04,전설 -****,얘는 정말 싸-가-지 가 없다... 타일러서 사람 될 놈이 아니다..
"유승민, 김제동 책 꺼내며 ""사이비 진보가 헌법 가치 독점""",2021-05-06 17:01:00,2021-05-06 18:09:12,전설 -****,"야,,이 쓰레기야.. 낡은 보수??? 그래 이 나라 낡은 보수가 뭐가 무능하냐? 지구상 꼴찌에서 두번째로 살던 나라를 전세계가 부러워 하는 선진국 으로 끌고온게 무능이냐? 그래 이자석아..네놈은 뭐가 새로운데? 아무 죄없는 대통령 법 악용해서 탄핵질에 부역한게 새로운거냐? 너나 김무성이나,,너네들 탄핵역적들은 향후 천년동안 배신자 역적으로 남을 거다. 국민들은 너나 네 집안에 저주가 내리길 바라고 있다.."
"유승민, 김제동 책 꺼내며 ""사이비 진보가 헌법 가치 독점""",2021-05-06 17:01:00,2021-05-07 20:20:14,gaun****,살모사 는 이묵 이도 될수 없지요
"文 만난 박형준 ""이명박·박근혜 사면 검토한다는 느낌 받았다"" [고정애 논설위원이 간다]",2021-05-04 00:34:00,2021-05-05 13:50:22,MiMi****,헌법재판소에서 탄핵하고 사법부에서 처벌하고 행정에서 사면? 아저씨들 오락~가락 하시네..사면은 국민들의 동의가 있어야합니다.
"文 만난 박형준 ""이명박·박근혜 사면 검토한다는 느낌 받았다"" [고정애 논설위원이 간다]",2021-05-04 00:34:00,2021-05-04 17:45:51,2015****,"본문 필자가 과한 글을 썼다. 주지하듯이, DJ가 정권초기에 사면을 적극적으로 도모했던 것은 노벨평화상을 노린 수였다. 북한과의 교류도 마찬가지 차원이었다. 그래서 결국 노벨평화상을 받지 않았던가? 그러나 현재의 문 통은 정권 초기가 아니다. 그리고 정권 내내 그토록 부르짖던 적폐의 원흉들을 사면한다면, 그것은 이율배반이 아닌가? 왜 문 통이 적폐의 원흉들을 사면해야 하나? 그들의 국정 농단이 애들 장난인가? 야당이 그들의 사면을 주장하는 한, 적폐 세력의 범주에서 벗어날 수 없다. 서울시장과 부산시장이 당선 직후 문통을 만나서 사면을 주장한 처사는 시민들의 의사와는 정반대의 행동이라고 본다. 그것은 매우 오만한 짓이었다. 국민들로서는 적폐 세력으로 인해서 현재의 부실한 정권이 탄생하게 되었다는 점만으로도 용서할 수 없는 일이다. 그것을 알아야 한다. 그들의 사면은 제1야당이 정권을 잡고 나서 하면 될 일이다. 차기 대선에서 사면을 주장해 보기 바란다. 과연 국민들이 표를 주겠나?"
"文 만난 박형준 ""이명박·박근혜 사면 검토한다는 느낌 받았다"" [고정애 논설위원이 간다]",2021-05-04 00:34:00,2021-05-04 14:55:23,k1hs****,웃기고 있네 박형준. 지 생각을 기사 실었네...
"文 만난 박형준 ""이명박·박근혜 사면 검토한다는 느낌 받았다"" [고정애 논설위원이 간다]",2021-05-04 00:34:00,2021-05-04 13:59:05,hany****,사면을 구걸 하지 마라 !!! 집권해서 바로 잡아라
"文 만난 박형준 ""이명박·박근혜 사면 검토한다는 느낌 받았다"" [고정애 논설위원이 간다]",2021-05-04 00:34:00,2021-05-04 14:57:27,k1hs****,누구 맘대로. 쓰레기정당이 집권하라? 여기서 정신 못차린 쓰레기 정당 하면 누군지 알제?
"文 만난 박형준 ""이명박·박근혜 사면 검토한다는 느낌 받았다"" [고정애 논설위원이 간다]",2021-05-04 00:34:00,2021-05-04 13:10:54,sons****,이보시요 박시장님 지금 급한건 이.박이아니라 이재용이 더 급합니다 반도체 세계대전이 벌어진 이마당에 총수를 교도소 가둔나라는 이나라 뿐일거요 무슨 수를써더라도 이재용이부터 구출하시요 어써요
"文 만난 박형준 ""이명박·박근혜 사면 검토한다는 느낌 받았다"" [고정애 논설위원이 간다]",2021-05-04 00:34:00,2021-05-04 14:58:53,k1hs****,역시 보수는 사기꾼 도둑놈 심보야!
"文 만난 박형준 ""이명박·박근혜 사면 검토한다는 느낌 받았다"" [고정애 논설위원이 간다]",2021-05-04 00:34:00,2021-05-04 12:39:09,유문종/****,문재인 당신은 절대 못빠져 나갈것이다~ 엄청난 중벌을 받을것이다~
"文 만난 박형준 ""이명박·박근혜 사면 검토한다는 느낌 받았다"" [고정애 논설위원이 간다]",2021-05-04 00:34:00,2021-05-04 12:23:09,ysk5****,사면해주면 민주당 정권은 끝이다.
"文 만난 박형준 ""이명박·박근혜 사면 검토한다는 느낌 받았다"" [고정애 논설위원이 간다]",2021-05-04 00:34:00,2021-05-04 11:51:36,lks8****,오래 전에 했어야 할 일..이제와서 면피용으로?? 두 전대통령 및 이재용 등 진즉에 사면했어야..
"文 만난 박형준 ""이명박·박근혜 사면 검토한다는 느낌 받았다"" [고정애 논설위원이 간다]",2021-05-04 00:34:00,2021-05-04 15:01:41,k1hs****,역시 보수는 사기꾼 도둑놈 심보야... 이들에겐 양심 따윈 털끝만큼도 없고 그냥 돈이 최고야.
"文 만난 박형준 ""이명박·박근혜 사면 검토한다는 느낌 받았다"" [고정애 논설위원이 간다]",2021-05-04 00:34:00,2021-05-04 11:50:06,good****,"이멍박은 가능하지만, 계엄령을 검토했던 박그.네는 민주사회에서 영원히 격리시켜야 한다."
"文 만난 박형준 ""이명박·박근혜 사면 검토한다는 느낌 받았다"" [고정애 논설위원이 간다]",2021-05-04 00:34:00,2021-05-04 13:54:38,jeon****,싸가지다
"文 만난 박형준 ""이명박·박근혜 사면 검토한다는 느낌 받았다"" [고정애 논설위원이 간다]",2021-05-04 00:34:00,2021-05-04 12:41:10,유문종/****,견소리 하고 있네~뭔죄를 지었다고? 문재인은 징역 220년 받아도 모자란다.
"文 만난 박형준 ""이명박·박근혜 사면 검토한다는 느낌 받았다"" [고정애 논설위원이 간다]",2021-05-04 00:34:00,2021-05-04 11:42:01,최고****,좌팔이들은 저들이 말하는 군사.독재.우익정권에서 온갖 특혜를 다 받았다.
"文 만난 박형준 ""이명박·박근혜 사면 검토한다는 느낌 받았다"" [고정애 논설위원이 간다]",2021-05-04 00:34:00,2021-05-04 11:26:03,dant****,관리자에 의해 삭제된 댓글입니다.
"文 만난 박형준 ""이명박·박근혜 사면 검토한다는 느낌 받았다"" [고정애 논설위원이 간다]",2021-05-04 00:34:00,2021-05-04 11:24:31,dant****,관리자에 의해 삭제된 댓글입니다.
"文 만난 박형준 ""이명박·박근혜 사면 검토한다는 느낌 받았다"" [고정애 논설위원이 간다]",2021-05-04 00:34:00,2021-05-04 10:52:05,dant****,관리자에 의해 삭제된 댓글입니다.
"文 만난 박형준 ""이명박·박근혜 사면 검토한다는 느낌 받았다"" [고정애 논설위원이 간다]",2021-05-04 00:34:00,2021-05-04 10:45:10,taeh****,문재인이 지지율 10%를 기록하려고 하는구나. ㅉㅉ.. 박근혜는 몰라도 명바기는 해쳐먹은 거 토해낼때까지 절대 안된다. NEVER
[월간중앙] 커버스토리 | 여권 대선 잠룡 ‘빅3(이재명·이낙연·정세균)’의 거세지는 ‘복지 전쟁’,2021-03-03 16:53:00,2021-03-06 16:37:19,lee2****,나 40대 심한장애인인데 공돈말고 일자리를 인간답게 살아야지 일자리가 최고의 복지인데...
[월간중앙] 커버스토리 | 여권 대선 잠룡 ‘빅3(이재명·이낙연·정세균)’의 거세지는 ‘복지 전쟁’,2021-03-03 16:53:00,2021-03-03 20:47:44,tlsw****,관리자에 의해 삭제된 댓글입니다.
"윤석열 32% 두달째 1위, 이재명 23.8%…이낙연은 한자릿수[리얼미터]",2021-05-03 08:27:00,2021-05-04 07:14:07,金****,후래자식놈 은 안되지!
"윤석열 32% 두달째 1위, 이재명 23.8%…이낙연은 한자릿수[리얼미터]",2021-05-03 08:27:00,2021-05-03 19:21:29,배****,누가뭐래도 참든든하고 훌륭하신 대통령이십니다
"윤석열 32% 두달째 1위, 이재명 23.8%…이낙연은 한자릿수[리얼미터]",2021-05-03 08:27:00,2021-05-03 19:12:40,배****,그런 여론조사 안믿는다 70세가 다되어가는데 여론조사 한번도 산해봤다 누가믿나? 웃기지마라
"윤석열 32% 두달째 1위, 이재명 23.8%…이낙연은 한자릿수[리얼미터]",2021-05-03 08:27:00,2021-05-03 17:11:17,song****,국민의 힘이 국민의 짐된다. 윤석열 끌어 내리면...
"윤석열 32% 두달째 1위, 이재명 23.8%…이낙연은 한자릿수[리얼미터]",2021-05-03 08:27:00,2021-05-03 17:08:09,dla8****,명바기 그네 집권5년차와 비교해봐라.
"윤석열 32% 두달째 1위, 이재명 23.8%…이낙연은 한자릿수[리얼미터]",2021-05-03 08:27:00,2021-05-03 16:26:05,ybhd****,?**** 허위사실 아니면 니가 허위사실 유포네. 그치?
"윤석열 32% 두달째 1위, 이재명 23.8%…이낙연은 한자릿수[리얼미터]",2021-05-03 08:27:00,2021-05-03 16:25:23,ybhd****,"?**** 윤석열 777억 금융사기를 모르는 녀석도 있네? 일본 극우 국민의힘 김종인이 산케이와 인터뷰한 내욤 잘 살펴보고. 대한민국 헌정사상 초유. 윤석열 대통령 만들기로 이미 일본은 계획을 세웠고, 조선일본 방상훈과 중앙일본 홍석현, 동아일본 김재만, 일본극우 국민의힘은 계획대로 진행하고 있을 뿐. 아직도 윤석열 777억 금융사기를 모르는 얘가 있네?"
"윤석열 32% 두달째 1위, 이재명 23.8%…이낙연은 한자릿수[리얼미터]",2021-05-03 08:27:00,2021-05-03 15:29:02,아르****,관리자에 의해 삭제된 댓글입니다.
"윤석열 32% 두달째 1위, 이재명 23.8%…이낙연은 한자릿수[리얼미터]",2021-05-03 08:27:00,2021-05-03 15:24:01,jiml****,"이미 다른 여론조사에서는 20%대로 내려갔다는데, 아직도 사실 이런 수치도 이해가 안가지만서도."
"윤석열 32% 두달째 1위, 이재명 23.8%…이낙연은 한자릿수[리얼미터]",2021-05-03 08:27:00,2021-05-03 15:17:15,bsks****,관리자에 의해 삭제된 댓글입니다.
"윤석열 32% 두달째 1위, 이재명 23.8%…이낙연은 한자릿수[리얼미터]",2021-05-03 08:27:00,2021-05-03 14:24:26,ybhd****,"777억 금융사기범 윤석열이 대통령 되면 이민 가야겠네. 하긴. 언제 대한민국이 정상인 적이 있었나? 전두환을 또 겪겠네. 국민연금으로 2조원 해 먹은 대한민국의 주인 일본지능형범죄기업 삼성과 삼성 돈으로 큰 검찰, 삼성 사돈 중앙일본 홍석현과 조선일본 방상훈, 동아일본 김재만. 66억 3300만원 국민세금으로 아들 김현조, 딸 김유나 입시비리에 사용한 국민의힘 나경원이 복귀하는구나. 대한민국에서 머리털나고 처음으로 자유민주주의를 경험했던 5년이 저물어가는구나. 777억 금융사기 보도준비한 MBC상대로 3억 손배소 제기한 777억 금융사기범 윤석열. 시민방송 김어준 조선일본 방상훈과 방정오, 중앙일본 홍석현, 동아일본 김재만이 죽여서 방송 장악차근차근하고, 문재인 대통령 자살시켜야지."
"윤석열 32% 두달째 1위, 이재명 23.8%…이낙연은 한자릿수[리얼미터]",2021-05-03 08:27:00,2021-05-03 16:23:57,?****,이런 허위사실은 고소해야 하는것 아닌가
"윤석열 32% 두달째 1위, 이재명 23.8%…이낙연은 한자릿수[리얼미터]",2021-05-03 08:27:00,2021-05-03 16:22:00,?****,문재인정부가 자유 민주주의라고라 골 빈 소리 정권 끝나면 사모펀드 옵티머스 주인이 누구인지 밝혀 질것이다 윤석열이 777이 있었다면 문재인정부가 가만 보고 있었을까 없는 죄도 만들고 일반국민도 고소하는 정부인데 추미애 민주당이 윤석열이 얼마나 털었을까 그래도 안나온것이지 억지부려 내쫓고 난리부르스
"윤석열 32% 두달째 1위, 이재명 23.8%…이낙연은 한자릿수[리얼미터]",2021-05-03 08:27:00,2021-05-03 14:26:44,ybhd****,"성범죄, 해외불법자금, 유료부수조작한 조선일본 방상훈아, 언검유착하고, 자신이 돈으로 길들인 777억 금융사기범 윤석열 대통령 만들려는 중앙일본 홍석현, 동아일본 김재만아. 수고가 많아. 더 많이 살인하는 펜으로서의 역할 부탁해."
"윤석열 32% 두달째 1위, 이재명 23.8%…이낙연은 한자릿수[리얼미터]",2021-05-03 08:27:00,2021-05-03 14:22:38,?****,정직한 대통령을 원한다 내로남불 시로시로~~
"윤석열 32% 두달째 1위, 이재명 23.8%…이낙연은 한자릿수[리얼미터]",2021-05-03 08:27:00,2021-05-03 12:53:51,임****,관리자에 의해 삭제된 댓글입니다.
"윤석열 32% 두달째 1위, 이재명 23.8%…이낙연은 한자릿수[리얼미터]",2021-05-03 08:27:00,2021-05-03 12:13:59,ocea****,관리자에 의해 삭제된 댓글입니다.
"윤석열 32% 두달째 1위, 이재명 23.8%…이낙연은 한자릿수[리얼미터]",2021-05-03 08:27:00,2021-05-03 11:44:01,edoo****,집권 지지율을 지탱해 준 리얼조작미터의 여론 조사 공로로 국가 보훈처나 광복회 훈장을 수여해야 한다.
"윤석열 32% 두달째 1위, 이재명 23.8%…이낙연은 한자릿수[리얼미터]",2021-05-03 08:27:00,2021-05-03 11:42:09,Paul****,다음 대선은 정권심판...!!!
"윤석열 32% 두달째 1위, 이재명 23.8%…이낙연은 한자릿수[리얼미터]",2021-05-03 08:27:00,2021-05-03 11:41:41,Kyu ****,리얼미터 여론조사 또작난치기 시작한다 얼마전 29%의 국정지지율이 33%? 누가시켰느냐? 문재인 이냐 임종석 이냐?
[이철호의 퍼스펙티브] 번역기 돌려야 하는 친문들의 언어,2021-05-06 00:35:00,2021-05-06 17:43:45,wise****,뭐가 걱정인가? 어차피 뭐라고 해도 듣는 시늉조차 하지 않는데. 지난 4년간 망가뜨린 대한민국이 1년 더 망가뜨린다고 큰 탈이야 나겠는가? 내년 가을 무렵에 모조리 감방에서 볼 수 있기를 기대하면 그만 아닌가?
[이철호의 퍼스펙티브] 번역기 돌려야 하는 친문들의 언어,2021-05-06 00:35:00,2021-05-06 11:57:27,prai****,"하하하 내로남불 이중잣대들이 정의 공정 공평 개혁 진보를 말한다고?? 어째 하는 일마다 다 거꾸로 가고 있는지 우리 개돼지는 알겠는데, 왜 고귀하신 국민들은 모르실까?ㅋ"
[이철호의 퍼스펙티브] 번역기 돌려야 하는 친문들의 언어,2021-05-06 00:35:00,2021-05-06 10:54:27,sans****,"문재인이 백신에 대해 이상한 행동을 시작한 것이 지난 11월인 것처럼 보이지만 착각입니다. 11월에는 이미 손쓸수 없을만큼 일이 잘못되어 있었습니다. 후진국 포함, 다른 나라들은 작년 11월 대한민국과 같은 꼴을 당하기 싫어 2020년 6월, 7월에 백신 입도선매 돈을 넣었는데 문재인이 그걸 안했습니다. 문재인이 백신일을 그르친 것은 그 때에요."
[이철호의 퍼스펙티브] 번역기 돌려야 하는 친문들의 언어,2021-05-06 00:35:00,2021-05-06 10:36:50,낀****,좋은 글에 감사합니다.
[이철호의 퍼스펙티브] 번역기 돌려야 하는 친문들의 언어,2021-05-06 00:35:00,2021-05-06 09:51:29,mkk7****,내년 대선까지 문빠들 계속 헛소리하는 것은 애국하는 것입니다. 문빠들 계속 짖어주세요!! 감사해요!!! 윤건영도 계속 헛소리 짖어라. 애국 활동이다!!!!
[이철호의 퍼스펙티브] 번역기 돌려야 하는 친문들의 언어,2021-05-06 00:35:00,2021-05-06 09:45:20,Chic****,"그들이 정의실현을 위해 이재용사면 반대를 하겠는가? 귀하는 그들의 참 목적이 무엇인지 가름할 것이라도 생각한다. 국가발전이 그들의 우선순위에 있을까 ? ""필부도 나라멸망에 책임이 있다""라는 옛말도 있다. 귀하는 결코 필부가 아니다. 앞장서야 될 사람이다. 막중한 책임을 갖고 있는 분이라고 생각한다."
[이철호의 퍼스펙티브] 번역기 돌려야 하는 친문들의 언어,2021-05-06 00:35:00,2021-05-06 09:27:57,2326****,광우병 ㅎㅎㅎㅎ 그걸로 안되니까 세월호를 물고 늘어지는 쫌스러운 정치인 때문에 우리나라가 뒤로 후퇴하고 있다.
[이철호의 퍼스펙티브] 번역기 돌려야 하는 친문들의 언어,2021-05-06 00:35:00,2021-05-06 09:11:32,bsks****,관리자에 의해 삭제된 댓글입니다.
[이철호의 퍼스펙티브] 번역기 돌려야 하는 친문들의 언어,2021-05-06 00:35:00,2021-05-06 05:07:06,dant****,관리자에 의해 삭제된 댓글입니다.
[이철호의 퍼스펙티브] 번역기 돌려야 하는 친문들의 언어,2021-05-06 00:35:00,2021-05-06 03:48:50,Jhee****,415부정의 주범 양정철이 들어왔다는 소문이 있다
[이철호의 퍼스펙티브] 번역기 돌려야 하는 친문들의 언어,2021-05-06 00:35:00,2021-05-06 01:26:04,Pete****,사이비 부패종교집단이 대한민국 성인의 약 20-30% . 이 좀비들 어떡하냐?
[이철호의 퍼스펙티브] 번역기 돌려야 하는 친문들의 언어,2021-05-06 00:35:00,2021-05-06 11:21:18,sans****,"간단해요. 안철수 윤석렬 등을 지지하는 중도세력을 우파가 밀어주고 잠시 빠져있으면 됩니다. 그렇게 해서 대선 먹고, 총선 이긴 다음 하고 싶은 얘기를 하는거죠. 그 전에는 박근혜의 ㅂ자도 꺼내지 않는 것이 비결입니다. 우파들이 그런 전략적 행동을 실제로 해내지는 못할 것 같습니다만.."
[이철호의 퍼스펙티브] 번역기 돌려야 하는 친문들의 언어,2021-05-06 00:35:00,2021-05-06 01:16:57,김****,저 자는 그냥 대한민국을 공산당한태 넘겨주고 싶어서 환장한놈 입니다
"정동영 악몽, 곁에서 봤다···""달라도 차별화 없다""는 이재명",2021-04-30 08:00:00,2021-05-01 07:07:03,Sunh****,"유튜브에서 131270thebest를 검색시청하시면 신의 존재증명, 천국과 지옥, 축복과 저주, 기도하는법, 성령 받는법, 요한게시록, 악의 존재이유, 이긴자와 144000, 최후의 심판, 유일신, 양심으로 살아도 구원 되는지, 정의, 등등 설명을 들을 수 있습니다."
"정동영 악몽, 곁에서 봤다···""달라도 차별화 없다""는 이재명",2021-04-30 08:00:00,2021-05-01 06:13:40,ssoo****,"형수욕설,김부선과의 총각사핑불륜스캔들...등 수많은 더럽고,치사한 사건에 연루된 인권?출신변호사로 둔갑하여 시장,도지사...거기까지도 과분한것것같은데....대권까지는 욕심이 과함면 .... 국민이 얼마나 피곤랄까?? 천하의잡스런 놈이 대권을 노리는 얼빠진 민주당!!!"
"정동영 악몽, 곁에서 봤다···""달라도 차별화 없다""는 이재명",2021-04-30 08:00:00,2021-04-30 20:49:49,클라****,얼어죽을 문재인 정신계승? 내로남불? 정신? 너무 간사스럽다. 지난대선때의 일을 다잊었나?
"정동영 악몽, 곁에서 봤다···""달라도 차별화 없다""는 이재명",2021-04-30 08:00:00,2021-04-30 20:22:07,shim****,저 자슥이 뉴스에 뜨면 속이 메스꺼워서 밤새 잠을 못 자는데 하루가 멀다하고 나타나니까 불면증에 걸려서 엄청 힘들다. 저놈 쌍판을 말끔하게 지워버릴 메시아 같은 애국자가 속히 출연하시기를 오늘 밤도 잠못이루며 기도드린다. 평생 누구를 미워한 적이 없던 내가 처음으로 증오한 놈이 유일하게 바로 저놈이다. 오직 국가와 민족을 위한 일념으로~~~~
"정동영 악몽, 곁에서 봤다···""달라도 차별화 없다""는 이재명",2021-04-30 08:00:00,2021-04-30 19:58:57,shim****,너는 안돼. 절대로 안돼! 분뇨를 숙성시키려고 똥통을 젓는 막대기를 뽑을 지언정 그것보다 훨씬 더러운 너는 안돼. 도덕이 바로 선 나라를 지키기 위하해서 국가의 영원한 번영을 위해서~~~~!!!!!
"정동영 악몽, 곁에서 봤다···""달라도 차별화 없다""는 이재명",2021-04-30 08:00:00,2021-04-30 19:57:19,okle****,전라도가 선택하는 경상도 인간은 이제 신물이 난다 이제 충청도나 경기도가 할때 아닌가?
"정동영 악몽, 곁에서 봤다···""달라도 차별화 없다""는 이재명",2021-04-30 08:00:00,2021-04-30 19:03:54,sons****,더러운 럼아 아무리 그 값어치 떨어졌기로서니 너같은럼 때문에 남자 조값이 폭락했다 알고있나 서걸럼 떡값이나 갚아라 얍삽한럼아 어떻게 외상으로 떡치고 그 떡값을 떼먹냐 ㅉㅉㅉ
"정동영 악몽, 곁에서 봤다···""달라도 차별화 없다""는 이재명",2021-04-30 08:00:00,2021-04-30 13:47:47,this****,친문 대깨문이 문제가 아니라 김부선씨가 아켈리스건
"정동영 악몽, 곁에서 봤다···""달라도 차별화 없다""는 이재명",2021-04-30 08:00:00,2021-04-30 13:26:38,mmkk****,"이재명이가 저렇게 말하는 것은 대선까지만의 전략이다. 더불어당의 표는 받고 대선을 치루되 통을 먹게 되면 당연히 당내의 문의 세력, 과거세력은 숙청이 불가피하다. 그렇게 하지 않으면 당을 통제할수 없고 곧바로 레임덕이 오고 통노릇을 제대로 하지 못하기 때문이다. 그래서 동서고금 어느 권력이든 일단 권력을 틀어 쥐면 숙청이 필수이다. 태양이 둘이상이 되면 안되기 때문이다. 뭉가세력도 이를 알텐데 과연 이재명에게 순순히 권력을 넘겨 주려 하겠는가. 차라리 다른 당을 밀어주고 자신들을 보호하려 할 것이다. 그게 권력게임이라는 것이다. 만약 김일성이가 남노당, 연안파를 숙청하지 않았다면 지금처럼 김씨조선이 온존할 수 있었겠는가. 권력은 그런 것이다."
"정동영 악몽, 곁에서 봤다···""달라도 차별화 없다""는 이재명",2021-04-30 08:00:00,2021-04-30 13:22:28,cand****,"그래봤자 필패이다. 이유 4가지 1. 친문 대깨문이 등 돌린다. 2. 김부선과의 스캔들, 가족 간의 불화. 3. 포퓨리즘 말고 뭐가 있나! 4. 공정과 정의의 화두는 누가 가지고 있는가! 윤석렬이다."
"정동영 악몽, 곁에서 봤다···""달라도 차별화 없다""는 이재명",2021-04-30 08:00:00,2021-04-30 13:19:52,arum****,이지사를가장 겁내는 세력들이 누구일까? 그들은 이지사를 끊이없이 이간질 할것이다. 이지사는가 더민주당에 없다면 재집권도 끝이다.
"정동영 악몽, 곁에서 봤다···""달라도 차별화 없다""는 이재명",2021-04-30 08:00:00,2021-04-30 13:05:47,Sung****,당신은 김부선때문에 대선 이길 수 없어요. 문제는 대깨문들이 더 난리지요. 구걸대신이 정공법으로 눌러 이기세요. 왜 추하게 변질이 되나요. 그래도 민주당에서는 당신만한 사람없는데 왜 국민의지지를 무시하나요. 민주당표만 표가 아닙니다. 독자노선으로 가든 공조를 하든 당신만의 뚝심. 밀고가세요
"정동영 악몽, 곁에서 봤다···""달라도 차별화 없다""는 이재명",2021-04-30 08:00:00,2021-04-30 16:28:13,Myun****,형수도 있고 또...
"정동영 악몽, 곁에서 봤다···""달라도 차별화 없다""는 이재명",2021-04-30 08:00:00,2021-04-30 12:28:30,Amad****,관리자에 의해 삭제된 댓글입니다.
"정동영 악몽, 곁에서 봤다···""달라도 차별화 없다""는 이재명",2021-04-30 08:00:00,2021-04-30 12:22:26,조****,이재명이를 믿느니 지나가는 개를 믿어라. 친문 지원이 필요없는싯점이 오면 바로 뒷통수 칠 놈이 바로 이놈 이니께
"정동영 악몽, 곁에서 봤다···""달라도 차별화 없다""는 이재명",2021-04-30 08:00:00,2021-04-30 12:19:22,kx9k****,"""문 재인 대통령님께서........"" 아부, 그 이상도 이하도 아니다."
"정동영 악몽, 곁에서 봤다···""달라도 차별화 없다""는 이재명",2021-04-30 08:00:00,2021-04-30 12:18:36,소나****,너희들 주인이고 국민이5천만 존엄인 한사람으로서 장담하는데 다음에 어느누가대통령이되던지 A4대통령은 고생길로 들어선다고 봐야한다 이건 국민의 엄명이다 YS DJ는 서로의 사정을너무잘알고 끈끈한 정도있고 확실한 협약이 있어서 무난했던거라고본다 그러나 A4는;;;;;
"정동영 악몽, 곁에서 봤다···""달라도 차별화 없다""는 이재명",2021-04-30 08:00:00,2021-04-30 12:04:25,sans****,이재명이 대통령 되면 문재인과 그 측근을 감옥에 보내면서 인기를 얻으려 할 것이 너무 뻔하다. 김영삼도 노태우한테 그랬쟎아? 이재명처럼 친문이 장악한 당에서 자기 세력을 키운 사람은 집권 후 친문을 숙청하지 않으면 통치가 안된다. 따라서 친문이 살려면 이재명을 죽이는 수 밖에 없다. 친문이 사는 길을 찾자면 이재명보다 차라리 윤석렬 대통령이 덜 위험할 것
"정동영 악몽, 곁에서 봤다···""달라도 차별화 없다""는 이재명",2021-04-30 08:00:00,2021-04-30 11:39:28,Kyu ****,무조건 이재명은 반대다 사회주의 체제를 유지하고 국민을 우롱하고 형수와의관계 김부선과의관계 더럽고 치사한 인간말짜다 이런 인간이 나서되기때문에 사회질서와 법질서가 파괴된다
"정동영 악몽, 곁에서 봤다···""달라도 차별화 없다""는 이재명",2021-04-30 08:00:00,2021-04-30 11:21:22,king****,"경제를 망친 노무현,나라를 죽사발로 만든 문재인 정신을 계승한다? 넌 안돼"
0.59%p차…아슬아슬하게 '친문→쇄신' 택한 송영길 민주당,2021-05-02 19:35:00,2021-05-03 10:21:21,ckw9****,문 닫는 일만 남았다. 보따리 싸거라.
0.59%p차…아슬아슬하게 '친문→쇄신' 택한 송영길 민주당,2021-05-02 19:35:00,2021-05-03 06:20:01,just****,"곧 끝날거다. 내년 대선, 지방선거만 기다리는 국민들 엄청 많다. 백신 못 구해오고 잘못 없다고 큰소리 치는것도 이제 소상공인들이 돈 몇푼 준다고 찍어주기에는 많이 깨닫고 있다. 시장 나가보니 백신없어서 장사 안된다 피켓 등장했더라."
0.59%p차…아슬아슬하게 '친문→쇄신' 택한 송영길 민주당,2021-05-02 19:35:00,2021-05-03 01:13:31,김****,쇄신이 제대로 될랑가 몰러 같은 한 양푼에 숟가락 넣고 휘젓는것들인데
0.59%p차…아슬아슬하게 '친문→쇄신' 택한 송영길 민주당,2021-05-02 19:35:00,2021-05-03 00:58:02,dani****,민주당 성추행당 망했네.. ㅍㅎㅎㅎ
0.59%p차…아슬아슬하게 '친문→쇄신' 택한 송영길 민주당,2021-05-02 19:35:00,2021-05-03 00:37:33,big ****,결국 중국공산당의 간첩놈이 당 대표가 되고 또다른 중국공산당의 간첩놈이 대선후보가 되는 전략이구나?
0.59%p차…아슬아슬하게 '친문→쇄신' 택한 송영길 민주당,2021-05-02 19:35:00,2021-05-02 23:59:55,obh4****,"입으로만 변화,쇄신은 누구라도 다할수 있지요! 실천할 의지가 있느냐가 중요한것이지!"
0.59%p차…아슬아슬하게 '친문→쇄신' 택한 송영길 민주당,2021-05-02 19:35:00,2021-05-02 22:46:52,전****,절라도면서 북괴에 환장하던 운동권 늙은이. 저거 싫다.
0.59%p차…아슬아슬하게 '친문→쇄신' 택한 송영길 민주당,2021-05-02 19:35:00,2021-05-02 22:26:13,camb****,호박에 먹칠하면 수박되냐? 십여년전에 누가 한 얘기가 있다. '폐족들'. 그 유전자는 털어낼 수가 없다. 스스로 낙인 찍은 주홍글씨다.
0.59%p차…아슬아슬하게 '친문→쇄신' 택한 송영길 민주당,2021-05-02 19:35:00,2021-05-02 22:00:48,Yoon****,힘없는 당대표........................비문이 친문 이길수 있나......웃겨서 어치피 폭망인데...........누가되든간에
0.59%p차…아슬아슬하게 '친문→쇄신' 택한 송영길 민주당,2021-05-02 19:35:00,2021-05-02 22:00:09,4912****,홍어들 세상이네... 재명이만 빼고...
선명해진 대선 양강구도···이재명 26% 윤석열 23% 이낙연 8%,2021-04-15 12:49:00,2021-04-15 21:32:43,이****,윤석열총장님 파이팅*^^*^^^^~~^***☆☆☆~**^~~^***♡
선명해진 대선 양강구도···이재명 26% 윤석열 23% 이낙연 8%,2021-04-15 12:49:00,2021-04-15 18:37:11,leee****,난 이재명 일세.......
선명해진 대선 양강구도···이재명 26% 윤석열 23% 이낙연 8%,2021-04-15 12:49:00,2021-04-15 17:53:21,jys0****,윤석렬+ 안철수 ~지지율 핵폰탄급!
선명해진 대선 양강구도···이재명 26% 윤석열 23% 이낙연 8%,2021-04-15 12:49:00,2021-04-15 17:34:31,cher****,4개 합동조사라 그래도 믿음이 간다 구라미터 응답율 4% 4개 기관 응답율 28%
선명해진 대선 양강구도···이재명 26% 윤석열 23% 이낙연 8%,2021-04-15 12:49:00,2021-04-15 16:55:45,ever****,민주당뒤에 구라미터가 있지 구라미터 정권바뀌면 처형 당할 각오하길. 전국민을 상대로 농락질 재밌냐
선명해진 대선 양강구도···이재명 26% 윤석열 23% 이낙연 8%,2021-04-15 12:49:00,2021-04-15 16:53:46,soul****,윤석열 지지율이 36%로 오차범위를 벗어나 단독 선두라 하면 어김없이 이튿 날에는 이재명이 지지율 선두로 다음에 윤총장을 올리더라!귀신 놀음도 이런 놀음이 없다.어케 형님이 정신병원에 입원해 있으면 형님대신 형수 거시기를 보빨 해 주지못할 망정 찢어버리겠다는 무지막지한 놈을 꼭 선두에 올려야 되냐?
선명해진 대선 양강구도···이재명 26% 윤석열 23% 이낙연 8%,2021-04-15 12:49:00,2021-04-15 16:52:46,jame****,석열이는.. 대통령 구하려고 조국 탈탈 털었다니까 민주당으로 올 거고.. 재명이 석열이의 당내 경선이라 볼만하겠네
선명해진 대선 양강구도···이재명 26% 윤석열 23% 이낙연 8%,2021-04-15 12:49:00,2021-04-15 16:50:13,ikt9****,중앙이 요즘 태도가 불분명한 기사가 많타 어찌됬든 좌파세력은 아니다가 선량한 국민들이 뜻이다 시원치않은 여론조사는 기사화 하지말기를
선명해진 대선 양강구도···이재명 26% 윤석열 23% 이낙연 8%,2021-04-15 12:49:00,2021-04-15 16:27:55,docy****,"여론조사 발표를 할려거든, 질문사항도 같이 공표 해라! 무슨 질문을 어떻게 물었는지, 어 다르고 아 다른 민감한 내용을 질문자 꼴리는 대로 물어놓고 독자들은 상세한 정황도 모르고 괜스리 일희 일비 하도록 강요 받지 않나? 든 받아 먹고 여론조사 대행업자가 있는듯한 의심가는 여론조사 발표가 있으니까, 질문내용을 다 까발리면 총기있는 독자들은 정확한 판단을 내린다!!!"
선명해진 대선 양강구도···이재명 26% 윤석열 23% 이낙연 8%,2021-04-15 12:49:00,2021-04-15 16:14:55,이****,이재명이 되면 이나라 조폭 나라 됩니다
선명해진 대선 양강구도···이재명 26% 윤석열 23% 이낙연 8%,2021-04-15 12:49:00,2021-04-15 21:34:35,이****,"주먹구구""식 정책"
선명해진 대선 양강구도···이재명 26% 윤석열 23% 이낙연 8%,2021-04-15 12:49:00,2021-04-15 16:10:22,여영호3****,"적폐를 청산하는 일이 아무나 할 수 있는게 아니다. 적폐청산하려다 친북, 친일, 친중으로 몰려 공산당앞잡이치부한다. 적폐들의 저항이 어마무시하다. 그런 적페도 법과 주권자의 응원만 있으면 가능하다. 권력을 휘두를게 아니라 주권자를 섬기는자, 주권자를 잘 모시는자, 주권자의 의견에 귀 기울이는자, 선거때만이 아니라 평소 행실을 잘 보자. 그가 정말 잘하는지를! 평소 잘 하는자가 대통령돼도 잘하고, 도지사돼도 잘한다. 사람은 변치않는다. 말은 바꾸고 대중은 속여도 자신은 잘 변하지 않는다. 형이 청탁했을때 단칼에 내리쳤다가 형수쌍욕이라는 조작질에 놀아난 주권자들! 깨어나길! 자신의 이익보다 시민의 이익 챙기는자, 잘 선택했으면..."
선명해진 대선 양강구도···이재명 26% 윤석열 23% 이낙연 8%,2021-04-15 12:49:00,2021-04-15 16:03:17,s7****,관리자에 의해 삭제된 댓글입니다.
선명해진 대선 양강구도···이재명 26% 윤석열 23% 이낙연 8%,2021-04-15 12:49:00,2021-04-15 21:39:13,이****,헐!!윤총장님이 우유부단??? 뜻을 아는지궁금??!! 우유부단은 문통이죠~개으르고유ㅋㅋ~~~앞으로 어디가서 윤총장님이 우유부단하다는 어울리지않는말은 닥쳐쥬세용!!!
선명해진 대선 양강구도···이재명 26% 윤석열 23% 이낙연 8%,2021-04-15 12:49:00,2021-04-15 15:59:24,s7****,관리자에 의해 삭제된 댓글입니다.
선명해진 대선 양강구도···이재명 26% 윤석열 23% 이낙연 8%,2021-04-15 12:49:00,2021-04-15 15:53:37,s7****,관리자에 의해 삭제된 댓글입니다.
선명해진 대선 양강구도···이재명 26% 윤석열 23% 이낙연 8%,2021-04-15 12:49:00,2021-04-15 15:50:53,s7****,관리자에 의해 삭제된 댓글입니다.
선명해진 대선 양강구도···이재명 26% 윤석열 23% 이낙연 8%,2021-04-15 12:49:00,2021-04-15 15:45:05,백****,세상은 요지경이라더니 尹이 2위라니 겁납니다.
선명해진 대선 양강구도···이재명 26% 윤석열 23% 이낙연 8%,2021-04-15 12:49:00,2021-04-15 15:43:16,obh4****,"감히 단언컨데 이재명이 혹시,만약에 당선이 되면 대한민국은 지금보다 더 左로 간다... 이사람은 문통보다 더노골적으로 나갈것이 틀림없다. 국민들 정신 똑바로 차려야지 대한민국이 산다는걸 명심하야 합니다."
선명해진 대선 양강구도···이재명 26% 윤석열 23% 이낙연 8%,2021-04-15 12:49:00,2021-04-15 16:50:45,s7****,관리자에 의해 삭제된 댓글입니다.
당심 맞추려다 본선 망치는 딜레마…박영선도 도리 없었다,2021-04-13 10:00:00,2021-04-14 20:22:39,asuc****,문재인 보유국이니 이모양 이꼴이 됐지 한심해서 말도 안나온다
당심 맞추려다 본선 망치는 딜레마…박영선도 도리 없었다,2021-04-13 10:00:00,2021-04-14 15:55:27,oldm****,문파님들의 뜻에 따르면 일단 민주당공천 후보까지는 되겠으나 거기까지가 한계일거네요~~!!문파아닌 유권자가 훨~~신 훨~~신 많고도 많거든요~~!!
당심 맞추려다 본선 망치는 딜레마…박영선도 도리 없었다,2021-04-13 10:00:00,2021-04-14 13:51:14,prea****,"대깨문들 털어야하니까 친문당 없애고 새로운 당 나오겠네!. 암튼 더듬어공산당의 대깨문 진성 권리당원들아, 계속 열라 나대어서 민주당 대선주자들 주저앉히그라!"
당심 맞추려다 본선 망치는 딜레마…박영선도 도리 없었다,2021-04-13 10:00:00,2021-04-14 12:38:26,gang****,이재명 저 백대가리 세키는 저 휜머리가 스스로 졸리 멋지다고 착각하나봄
당심 맞추려다 본선 망치는 딜레마…박영선도 도리 없었다,2021-04-13 10:00:00,2021-04-14 10:48:06,esta****,"중앙, 박근헤 최순실 국정농단은 촛불집회 이전에 다 알고도 입도 뻥긋 못하고 4대강 문제점도 침묵 하더니 이제 언론자유보장되니 떠든다. 제2의 이명박 당선돼서 사찰, 감시 당하면 또 납짝 엎어질텐가? 추하다. 잘배우고 유식한 자의 본질이 이런 거라니."
당심 맞추려다 본선 망치는 딜레마…박영선도 도리 없었다,2021-04-13 10:00:00,2021-04-14 20:23:44,asuc****,ㅎㅎ 참 못넜다
당심 맞추려다 본선 망치는 딜레마…박영선도 도리 없었다,2021-04-13 10:00:00,2021-04-14 10:24:14,정****,저 인간들 모조리 쓸어버릴 대상!
당심 맞추려다 본선 망치는 딜레마…박영선도 도리 없었다,2021-04-13 10:00:00,2021-04-14 00:29:18,meya****,"좋은 기사 한 줄 내주지 않더니 ... 이젠 시간 차 공격성 뉴스만 미안마 군부 독재를 그리워 하다니 민주 시민들이 불쌍하다 선택은 자유니, 고마움 모르고 맘껏 누렸던 소중했던 선진 민주주의를 그리워 하게 될 것이다 역사의 심판을 부디 두려워 하기를"
당심 맞추려다 본선 망치는 딜레마…박영선도 도리 없었다,2021-04-13 10:00:00,2021-04-13 22:52:57,이****,국짐당정권이 그립나? 차선이싫타고 최악을 선택하는 어리석은자들이네
당심 맞추려다 본선 망치는 딜레마…박영선도 도리 없었다,2021-04-13 10:00:00,2021-04-14 20:24:41,asuc****,최악이 누군지 절 모리나 ? 그렇다면 바보소리듣지
"또 ""친문 밀자""…'전대협 의장' 이인영·임종석 대권도전 고민",2021-04-23 16:22:00,2021-04-25 08:31:59,haep****,주사파 림종석! 여긴 대한민국이지 북조선인민공화국이 아니다!
"또 ""친문 밀자""…'전대협 의장' 이인영·임종석 대권도전 고민",2021-04-23 16:22:00,2021-04-25 07:12:28,modo****,김일성주체사상 신봉자며 북한과 내통한 이런 인간들이 대한민국 대통령 꿈 꾼다니 어이없다.
"또 ""친문 밀자""…'전대협 의장' 이인영·임종석 대권도전 고민",2021-04-23 16:22:00,2021-04-25 06:35:42,tm****,바로 이놈들이다 문재인은 꼭두각시 였고 이놈들이 골수 빨개이 실체들이다 잘 지켜보고 대처해야 된다 종북좌파들은 씨를 말려야 된다
"또 ""친문 밀자""…'전대협 의장' 이인영·임종석 대권도전 고민",2021-04-23 16:22:00,2021-04-24 19:11:25,임****,차라리 북괴 돼지보고 대선나오라해라 네놈들보다 표가더나올듯하다
"또 ""친문 밀자""…'전대협 의장' 이인영·임종석 대권도전 고민",2021-04-23 16:22:00,2021-04-24 14:15:48,jeun****,북한보다 더 빨.갱.이들이 설쳐대는 작금의 대한민국....
"또 ""친문 밀자""…'전대협 의장' 이인영·임종석 대권도전 고민",2021-04-23 16:22:00,2021-04-24 11:14:20,mcsd****,사회주의 공화국이 활개를 치는군
"또 ""친문 밀자""…'전대협 의장' 이인영·임종석 대권도전 고민",2021-04-23 16:22:00,2021-04-24 10:20:52,ryon****,민주건달들이 대한민국 시장경제를 망치고 있습니다. 사업을 못하게 각종 규제로 묶었놓고 일 할 의욕을 떨어뜨리고 있습니다.
"또 ""친문 밀자""…'전대협 의장' 이인영·임종석 대권도전 고민",2021-04-23 16:22:00,2021-04-24 10:05:10,uri3****,뻘개이들 나와라
"또 ""친문 밀자""…'전대협 의장' 이인영·임종석 대권도전 고민",2021-04-23 16:22:00,2021-04-24 10:02:38,bby0****,관리자에 의해 삭제된 댓글입니다.
"또 ""친문 밀자""…'전대협 의장' 이인영·임종석 대권도전 고민",2021-04-23 16:22:00,2021-04-24 09:58:14,park****,대한민국내에 공산 사회주의자들이 권력을 쥐고 이제는 대통령까지 하려 하네 대표적인 공산 사회주의자 조국 임종석 이인영 외 다수 어떻게 하면 정은이처럼 영원히 권력을 가질까 하는 대한민국의 대표적인 공산 사회주의자들 아직도 전향을 않했지
"또 ""친문 밀자""…'전대협 의장' 이인영·임종석 대권도전 고민",2021-04-23 16:22:00,2021-04-24 09:48:37,방****,"야~~~~~~~이건,꼴값이아니라완전GR들이구나! 이인영,임종석이대권두고 고민이라? ㅋㅋ큭, 그래,꼴뚜기,망둥이다들뛰어보거라 나는 가만히앉아어부지리나챙겨봐야겠다! 칼만들면강도라는말이있는데, 네것들은칼도없이강도짓하려는구나? 느그놈들대통령시키느니,차라리 바싹말린오징어한마리가져다앉혀놓으면나중에술안주로라도써먹지, 은정(날날리검사)아~~~~여기술상이나봐와라잉?"
"또 ""친문 밀자""…'전대협 의장' 이인영·임종석 대권도전 고민",2021-04-23 16:22:00,2021-04-24 09:43:08,kch4****,어설픈 좌편향 문재인이 만으로도 나라가 김정은이 발맡에서 발발거리는 처지에 골수 주사파가 집권? 생각만으로도 끔찍하다. 문제는 집권여부를떠나 저들의 등장에 좌파로 포장된 주사파 북한정권 추종자들의 선동과 극단행동으로인한 사회불안일것.
"또 ""친문 밀자""…'전대협 의장' 이인영·임종석 대권도전 고민",2021-04-23 16:22:00,2021-04-24 08:26:52,sysg****,골때리는 인긴들 물정모르는대학생들 사기치고 사회에나와 북한볼모로 사기치고 너네들이 이사회에서 한일이 무엇인가를 생각해봐라 아무것도아닌 선동몰이 뿐인것을 더러운 작자들
"또 ""친문 밀자""…'전대협 의장' 이인영·임종석 대권도전 고민",2021-04-23 16:22:00,2021-04-24 08:19:14,siny****,구역질 난다 징그런놈들
"또 ""친문 밀자""…'전대협 의장' 이인영·임종석 대권도전 고민",2021-04-23 16:22:00,2021-04-24 07:12:48,doju****,법과 시스템으로 자유가 있으니
"또 ""친문 밀자""…'전대협 의장' 이인영·임종석 대권도전 고민",2021-04-23 16:22:00,2021-04-24 06:54:10,이****,엥!!! 이게 뭔소리여??
"또 ""친문 밀자""…'전대협 의장' 이인영·임종석 대권도전 고민",2021-04-23 16:22:00,2021-04-24 06:35:25,wang****,항상마음은김일성을향해있는샛빨간것들이대한민국을북정은이에게바치려고통출마하려한데요대한민국큰일났죠어찌하면좋을까요
"또 ""친문 밀자""…'전대협 의장' 이인영·임종석 대권도전 고민",2021-04-23 16:22:00,2021-04-24 06:17:34,ckdk****,이넘들이다공공의적
"또 ""친문 밀자""…'전대협 의장' 이인영·임종석 대권도전 고민",2021-04-23 16:22:00,2021-04-24 05:31:18,bell****,인권 팔아먹는 Red갱이 주사파 새 끼들 누리는 건 자유 대한민국이고 지향하는 건 왜 중공ㆍ북괴인데 애새 끼들은 미국유학 보내고 이해할 수 없는 쓰렉이들
"또 ""친문 밀자""…'전대협 의장' 이인영·임종석 대권도전 고민",2021-04-23 16:22:00,2021-04-24 05:02:20,이****,과거엔 북한 주체사상을 신봉한 빨갱 x들~!! 지금은 돈과 권력욕으로 변질된 우리사회와 자유민주주의의 암적인 존재들~!!
"4월 사의설 삐끗···""머리 복잡"" LH에 꼬이는 정세균 대권행보",2021-03-16 10:30:00,2021-03-17 10:17:30,haep****,정세균 사꾸라 지지도가3프로나 될까? 대선출마한다고 그만두면 도망가는 꼴! 그냥 마지막총리로 명을 다하라!
"4월 사의설 삐끗···""머리 복잡"" LH에 꼬이는 정세균 대권행보",2021-03-16 10:30:00,2021-03-16 19:00:13,hsw3****,꼴뚜기뛰니 망둥어도뛴다고 개나소나 모두대권에 나선단다. 쨉도안되는 야바위정치꾼들이 물이올랐구나. 국회의장하고 국무총리? 대통령? 이나라가 자기것인줄 아는가보네
"4월 사의설 삐끗···""머리 복잡"" LH에 꼬이는 정세균 대권행보",2021-03-16 10:30:00,2021-03-16 14:37:28,lee2****,정세균은 아.제 백신이나 맞아라.
"4월 사의설 삐끗···""머리 복잡"" LH에 꼬이는 정세균 대권행보",2021-03-16 10:30:00,2021-03-16 14:35:26,lee2****,총리도 과한 사람이 대권이라니...욕심도 많다.
"4월 사의설 삐끗···""머리 복잡"" LH에 꼬이는 정세균 대권행보",2021-03-16 10:30:00,2021-03-16 14:05:20,An10****,욕심이 화근 이다. 국회의장 하던분이 국무총리 다음에 대법원장 하시조ㅡ~
"4월 사의설 삐끗···""머리 복잡"" LH에 꼬이는 정세균 대권행보",2021-03-16 10:30:00,2021-03-16 14:03:18,jjod****,관리자에 의해 삭제된 댓글입니다.
"4월 사의설 삐끗···""머리 복잡"" LH에 꼬이는 정세균 대권행보",2021-03-16 10:30:00,2021-03-16 14:00:11,gent****,코로나 이야기는 쏙들어갔어ㅋㅋㅋ 지금 코로나가 사실이라면 다죽게 생겼는데 이런얘기 할 시간이없지ㅋㅋ 코로나는 정치에 이용되는 사기수단이니까.^^
"4월 사의설 삐끗···""머리 복잡"" LH에 꼬이는 정세균 대권행보",2021-03-16 10:30:00,2021-03-16 13:59:29,wxyz****,입법부의 수장에서...행정부의 아첨꾼으로 전략한 정세균...한국가의 3권 분립의 기강을 파괴한 전형적인 권력 탐욕의 표본 정세군.....입법부가 행정부의 아첨꾼으로 몰락한 집권당의 행위에 분노를 .....간웅과 아첨..
"4월 사의설 삐끗···""머리 복잡"" LH에 꼬이는 정세균 대권행보",2021-03-16 10:30:00,2021-03-16 13:33:59,Myun****,문제인이 또다른 공적는 개나 소나 대통령 할 수 있단 자신감 부여!
"4월 사의설 삐끗···""머리 복잡"" LH에 꼬이는 정세균 대권행보",2021-03-16 10:30:00,2021-03-16 13:27:19,최****,국민을. 가지고놀면. 끝이. 비참하다 세월이. 이제는. 발한번. 잘못내뒤디면 요단강넘어가는. 세월이왔다 옛날. 돌도끼시절은. 갔다 누가잘못했니. 잘했니. 정부가 떠들면. 떠들수록. 그만큼. 민심이떠난다 이정권은. 도대체가. 기본이. 않돼어있다 민심은떠났다. 하늘이버렸다 왜180석에. 하늘에구멍내서 옥황상제. 관을뺏어. 쓸려고. 덤벼드는짓거리들을 해놓고. 이제와서. 민심은움직인다 아직도. 꿈속을. 헤매고있느냐. 민심이천심이다라는 가장기본수칙을 쌈싸먹고. 치워버렸는지. 무소불위 잘나갈때. 몸을낮추고. 또낮추고 국민은. 나의편이. 아닌국민을. 더보듬어주고 다독여주고. 귀기울이고. 비판을하면 이유가있겠지. 국민이화가나면. 왜화가났는데 왜화가났는지. 알아볼려고. 시도도않하는 이정권. 말로가.
"4월 사의설 삐끗···""머리 복잡"" LH에 꼬이는 정세균 대권행보",2021-03-16 10:30:00,2021-03-16 13:25:44,ssbk****,"벼라별짓을 다해도 이낙연, 정세균은 이미 유권자들로 부터 버림 받았다."
"4월 사의설 삐끗···""머리 복잡"" LH에 꼬이는 정세균 대권행보",2021-03-16 10:30:00,2021-03-16 13:05:25,이****,세균이 세균을 몰고 다니니 코로나가 줄어 들겠나...코로나로 대선까지 노려 보려고 조작하고 있는데 그것조차 맘데로 안되니....그냥 할일만 하세요 !! 여기저기 기웃거리지 말고....어차피 능력안된는건 국민들이 다 알고 있어요 !!!
"4월 사의설 삐끗···""머리 복잡"" LH에 꼬이는 정세균 대권행보",2021-03-16 10:30:00,2021-03-16 13:04:12,aurr****,"가라앉는 배에서 선장 되겠다고 나와봐야 가라앉는 것은 매 한 가지. 4년 동안 부동산, 서민 경제에 실패만 하다가 요 1년 동안 코로나 덕분에 가려졌던 무능이 남은 기간 동안 더 두드러질 텐데 한줌 밖에 안되는 2천파 촛불 지지만 내 세운 문무능 후광으로 대선을 꿈꾸다니 너의 꿈은 그냥 꿈으로 끝날 것이다."
"4월 사의설 삐끗···""머리 복잡"" LH에 꼬이는 정세균 대권행보",2021-03-16 10:30:00,2021-03-16 12:47:52,jame****,구고히의장까지 한 사람이 총리로 부른다고 얼씨구나 하고 달려간 게 패착이었다. 문재인이를 아직도 몰랐다는 당신의 지력에 실망크다. 이제라도 좋은 총리로 남으려는 노력이 당신을 역사에 남기는 일이 될것 같다.
"4월 사의설 삐끗···""머리 복잡"" LH에 꼬이는 정세균 대권행보",2021-03-16 10:30:00,2021-03-16 12:33:30,byin****,이 기사 읽고 베개 안고 한참 실실 웃었다.
"4월 사의설 삐끗···""머리 복잡"" LH에 꼬이는 정세균 대권행보",2021-03-16 10:30:00,2021-03-16 12:25:25,sos2****,깜냥도 안돼는 것들이 개나소나 대통령한단다. 대한민국을 얼마나 더 말아 쳐드시게?
"4월 사의설 삐끗···""머리 복잡"" LH에 꼬이는 정세균 대권행보",2021-03-16 10:30:00,2021-03-16 12:19:29,deli****,세균군.대권?삶은 소 대 가 리 앙천대소할 일이로다! 옷벗거던 요양보호소나 알아보시게나~!!!
"4월 사의설 삐끗···""머리 복잡"" LH에 꼬이는 정세균 대권행보",2021-03-16 10:30:00,2021-03-16 12:17:16,cand****,헛꿈을 꾸는 그대! 정신 차렷!
"4월 사의설 삐끗···""머리 복잡"" LH에 꼬이는 정세균 대권행보",2021-03-16 10:30:00,2021-03-16 12:07:17,tiam****,대권같은 소리하고 자빠졌네
"4월 사의설 삐끗···""머리 복잡"" LH에 꼬이는 정세균 대권행보",2021-03-16 10:30:00,2021-03-16 12:01:16,Woob****,주어진 일이나 제대로 하길 바란다. 떡줄놈은 생각도 않는데 김칫국부터 마시는 거냐?
"이재명 1380만 시간에 與 발끈 ""보자보자 하니 오만함이…""",2021-04-29 18:47:00,2021-05-16 16:36:07,Yj00****,오만하지 말자..재명이 그러면 독박 쓰고 낙오 한다..다된것 같지만...민주당은 안된다. 이번 보선이 뭘 말하지 않았나> 두여자 문제로 안될것 같으다...윤석열과 안철수의 투톱이 뜨면 어렵게 된다..
"이재명 1380만 시간에 與 발끈 ""보자보자 하니 오만함이…""",2021-04-29 18:47:00,2021-05-15 11:49:33,big ****,중국공산당이 제일 신뢰하는 한국 정치인 인물 1위 이재명! 왜? 중국돈도 받아서 정치자금을 쓰고 공산당의 정치이념에 동조하고 시진핑에게 아부를 하며 정치생명을 이어가는 정치인 이런 놈을 우리는 간첩이라고 한다! 여론조사에 이재명을 띄우는 놈들이 바로 조선족과 전라도 친중파들 인것을 잘 분석해보면 답이 나오지! 송영길 중국 간첩이 당대표가 되어서 무슨 수를 쓰던 이재명을 대권후보에 올려 놓고 부정개표만 하면 한국은 통째로 중국공산당이 집어 삼키는 일만 남게된다!
"이재명 1380만 시간에 與 발끈 ""보자보자 하니 오만함이…""",2021-04-29 18:47:00,2021-05-12 11:47:12,oldm****,이 지사가 다른 주자들이 격하게 반박할것을 모르고 말를 하셨다고는 보이지 않거든요// 그게 그분의 전략입니다// 두드려다오 자꾸 두르리면 얻어 맞을 수록 자기지지율은 상승 할것을 알고 있어 그리 하시는 것같습니다//
"이재명 1380만 시간에 與 발끈 ""보자보자 하니 오만함이…""",2021-04-29 18:47:00,2021-05-15 11:51:14,big ****,중국공산당의 지원을 받으며 커온 공산주의 친중 정치인 이재명을 잘 알고 나서 지지를 하던 반역에 동참하던 해야 할것입니다
"이재명 1380만 시간에 與 발끈 ""보자보자 하니 오만함이…""",2021-04-29 18:47:00,2021-05-11 21:50:47,pb77****,넌 딱 도지사 까지만 주댕이가 앞서고 ~ 법적으론 면피되었을지모르지만 인성에 대한 파렴치한? 느낌엔 ....아주 독한 사회주의와 독재 주의 중간 노선을 취하는 사람인거 같아
"이재명 1380만 시간에 與 발끈 ""보자보자 하니 오만함이…""",2021-04-29 18:47:00,2021-05-06 11:05:04,ssbk****,똘만이들끼리 서로 피터지게 치고 싸워도 지지율은 않오른다.
"이재명 1380만 시간에 與 발끈 ""보자보자 하니 오만함이…""",2021-04-29 18:47:00,2021-05-06 06:04:45,써****,독재 저런사람이 대통? 무섭다ㅡ
"이재명 1380만 시간에 與 발끈 ""보자보자 하니 오만함이…""",2021-04-29 18:47:00,2021-05-01 08:50:27,lehk****,이재며믄 국짐당의 X맨인거 같다. 허구헌날 내부 분탕질에 지 꼴리는데로 생각없이 말하고 어이가 없다! 정권 빼기면 다 X맨 탓이 크다고 봐야겠지. 지금 댓글 옹호론자들 보면 하나같이 국짐당에서 불구경하듯이 이재명 추켜세우고 있는 속셈 뻔하다
"이재명 1380만 시간에 與 발끈 ""보자보자 하니 오만함이…""",2021-04-29 18:47:00,2021-05-01 05:13:20,전****,이재명 훌륭하신분 정세균 무난하신분 김두관 쎄신분 무계감은 정세균이나 너무 안정적 김두관은 조금 덜익은 이익에 밝은 이재명은 뚜렷하나 포용은 약하고 이재명 정세균 둘중 하나 안정과 개혁 둘중 하나 택해야겠다
"이재명 1380만 시간에 與 발끈 ""보자보자 하니 오만함이…""",2021-04-29 18:47:00,2021-05-15 11:52:24,big ****,친중 간첩 이재명을 칭찬하고 싵은 너는 대깨문 조선족 ?아니면 전라도 중국간첩 지망생?
"이재명 1380만 시간에 與 발끈 ""보자보자 하니 오만함이…""",2021-04-29 18:47:00,2021-05-01 17:21:43,siki****,노올고 있네. 어디 깨진 냄새가 그윽.
"이재명 1380만 시간에 與 발끈 ""보자보자 하니 오만함이…""",2021-04-29 18:47:00,2021-04-30 23:54:08,Jesk****,질투하는 금수들이 많군? 김두관은 진짜 재수없어 군수출신이라해서 한때 좋아했는데 인간성이 제로 빵 이더라고요 안봤음 좋겠어요 여당은 어차피 알죠? 어대명!
"이재명 1380만 시간에 與 발끈 ""보자보자 하니 오만함이…""",2021-04-29 18:47:00,2021-04-30 21:33:21,san0****,도지사가 총리의 하급자라니ᆢ 누구 대갈에서 나온 헛소리냐??
"이재명 1380만 시간에 與 발끈 ""보자보자 하니 오만함이…""",2021-04-29 18:47:00,2021-05-01 05:02:37,agri****,총리는 지명직 ! 도지사는 선출직 ! 결이 다른것 같은데 .....
"이재명 1380만 시간에 與 발끈 ""보자보자 하니 오만함이…""",2021-04-29 18:47:00,2021-04-30 20:17:32,mbiz****,여러모로 많이 부족한 사람이 일을 벌리면 주변이 힘들어진다. 독선적이고 아집이 강하면 남의말은 귀에 안들어오지....
"이재명 1380만 시간에 與 발끈 ""보자보자 하니 오만함이…""",2021-04-29 18:47:00,2021-04-30 19:11:21,dchj****,언론에서 분탕질을 하는 것인지... 민주당 내에서 서로 지적할 수 있는 것을 언론이 교묘히 확대시키며 불을 지피는구나!
"이재명 1380만 시간에 與 발끈 ""보자보자 하니 오만함이…""",2021-04-29 18:47:00,2021-04-30 18:46:22,곽****,중앙일보 민주당분열 조작시작했구나 기레기들 ㅠ
"이재명 1380만 시간에 與 발끈 ""보자보자 하니 오만함이…""",2021-04-29 18:47:00,2021-04-30 17:28:33,dohi****,도민직접선거로 선출된 도지사가 총리의 하급자라니 궤변도 궤변 나름 이런 궤변 첨 들어본다
